edad,ingresos,educacion,zona,historial_crediticio,estado_civil,sexo,ocupacion,resultado_credito_anterior
32,2125.17,Postgrado,Urbana,Regular,Casado,Masculino,Independiente,1
56,453.44,Universitaria,Urbana,Regular,Casado,Masculino,Independiente,0
38,641.41,Secundaria,Periferia,Regular,Casado,Masculino,Empleado,0
41,1372.61,Secundaria,Periferia,Regular,Casado,Masculino,Empleado,1
38,2823.95,Primaria,Urbana,Bueno,Soltero,Femenino,Empleado,1
45,4253.27,Secundaria,Urbana,Bueno,Casado,Femenino,Empleado,1
32,1028.01,Universitaria,Urbana,Bueno,Soltero,Masculino,Desempleado,1
55,300.0,Secundaria,Urbana,Bueno,Casado,Femenino,Desempleado,1
63,940.7,Secundaria,Periferia,Bueno,Casado,Femenino,Desempleado,0
56,2054.35,Secundaria,Rural,Bueno,Soltero,Masculino,Empleado,1
21,2105.1,Universitaria,Periferia,Bueno,Casado,Masculino,Empleado,1
33,1657.84,Postgrado,Periferia,Bueno,Soltero,Femenino,Independiente,0
64,396.97,Universitaria,Urbana,Regular,Soltero,Masculino,Desempleado,0
19,1779.93,Universitaria,Periferia,Bueno,Casado,Masculino,Empleado,0
59,4996.19,Universitaria,Urbana,Bueno,Soltero,Masculino,Empleado,1
55,2717.79,Universitaria,Periferia,Regular,Divorciado,Femenino,Empleado,1
45,3222.09,Universitaria,Urbana,Bueno,Soltero,Masculino,Empleado,1
45,2572.77,Postgrado,Urbana,Regular,Casado,Masculino,Empleado,1
31,1044.62,Secundaria,Urbana,Bueno,Soltero,Masculino,Desempleado,0
64,1518.92,Postgrado,Urbana,Bueno,Casado,Masculino,Empleado,1
62,1357.8,Primaria,Urbana,Malo,Casado,Femenino,Empleado,0
56,4006.07,Universitaria,Rural,Bueno,Casado,Femenino,Empleado,1
27,2728.68,Primaria,Urbana,Regular,Soltero,Masculino,Empleado,1
23,3570.76,Postgrado,Urbana,Bueno,Casado,Femenino,Desempleado,1
32,2641.8,Secundaria,Urbana,Bueno,Casado,Masculino,Empleado,1
62,1505.58,Primaria,Urbana,Bueno,Casado,Femenino,Empleado,1
24,1132.12,Universitaria,Periferia,Bueno,Soltero,Masculino,Empleado,0
36,1747.78,Postgrado,Rural,Regular,Casado,Femenino,Independiente,0
30,2427.25,Universitaria,Rural,Bueno,Casado,Masculino,Independiente,1
49,1407.93,Secundaria,Rural,Bueno,Divorciado,Femenino,Empleado,1
58,1237.4,Postgrado,Urbana,Malo,Soltero,Masculino,Independiente,0
21,2590.06,Universitaria,Urbana,Bueno,Casado,Masculino,Empleado,1
30,1728.76,Secundaria,Urbana,Malo,Casado,Masculino,Independiente,0
31,1658.42,Universitaria,Periferia,Bueno,Casado,Masculino,Empleado,1
40,2834.39,Universitaria,Periferia,Bueno,Casado,Masculino,Independiente,1
46,300.0,Postgrado,Urbana,Bueno,Soltero,Masculino,Independiente,1
59,3033.85,Universitaria,Periferia,Malo,Soltero,Masculino,Independiente,1
51,2486.06,Universitaria,Urbana,Regular,Soltero,Masculino,Empleado,1
44,300.0,Secundaria,Periferia,Bueno,Casado,Masculino,Independiente,0
60,2117.45,Universitaria,Rural,Bueno,Casado,Masculino,Desempleado,1
44,2592.18,Secundaria,Urbana,Regular,Casado,Femenino,Empleado,1
20,1312.48,Primaria,Urbana,Malo,Casado,Masculino,Empleado,0
45,2482.21,Postgrado,Urbana,Regular,Casado,Masculino,Independiente,1
30,2585.5,Universitaria,Urbana,Malo,Soltero,Femenino,Independiente,0
18,2165.38,Universitaria,Rural,Bueno,Casado,Masculino,Desempleado,1
29,2834.46,Secundaria,Rural,Bueno,Casado,Masculino,Empleado,0
44,300.0,Primaria,Urbana,Regular,Divorciado,Masculino,Empleado,0
55,1165.39,Secundaria,Rural,Bueno,Casado,Femenino,Desempleado,1
44,3335.93,Postgrado,Urbana,Bueno,Soltero,Femenino,Empleado,1
21,2291.54,Secundaria,Rural,Malo,Soltero,Femenino,Empleado,0
47,3242.53,Universitaria,Rural,Malo,Divorciado,Femenino,Independiente,1
26,2370.15,Secundaria,Rural,Malo,Divorciado,Femenino,Independiente,0
25,615.27,Universitaria,Periferia,Bueno,Soltero,Masculino,Empleado,0
39,1065.09,Secundaria,Urbana,Bueno,Soltero,Femenino,Empleado,0
31,2076.68,Universitaria,Periferia,Bueno,Casado,Masculino,Independiente,1
60,2022.4,Secundaria,Periferia,Bueno,Soltero,Masculino,Empleado,1
58,3970.71,Universitaria,Urbana,Regular,Casado,Masculino,Independiente,1
49,2133.21,Universitaria,Rural,Regular,Soltero,Masculino,Empleado,1
55,2363.65,Secundaria,Urbana,Bueno,Soltero,Masculino,Empleado,1
49,1277.11,Secundaria,Periferia,Bueno,Soltero,Femenino,Independiente,0
59,3025.1,Secundaria,Urbana,Bueno,Soltero,Masculino,Empleado,1
36,1178.24,Universitaria,Urbana,Regular,Casado,Masculino,Empleado,1
26,2273.62,Universitaria,Urbana,Regular,Casado,Femenino,Independiente,1
43,1458.43,Secundaria,Rural,Bueno,Divorciado,Femenino,Independiente,1
20,2412.09,Secundaria,Periferia,Malo,Soltero,Masculino,Empleado,0
26,1266.49,Secundaria,Urbana,Bueno,Soltero,Masculino,Empleado,1
54,1274.68,Postgrado,Periferia,Regular,Soltero,Femenino,Independiente,0
59,4943.25,Secundaria,Urbana,Bueno,Casado,Femenino,Empleado,1
47,300.0,Secundaria,Periferia,Malo,Soltero,Femenino,Empleado,0
60,1576.73,Universitaria,Periferia,Bueno,Soltero,Femenino,Empleado,1
28,3759.0,Secundaria,Urbana,Bueno,Casado,Femenino,Independiente,1
48,300.0,Primaria,Urbana,Bueno,Casado,Masculino,Empleado,0
23,1693.42,Universitaria,Urbana,Bueno,Casado,Masculino,Empleado,1
38,2943.95,Secundaria,Urbana,Bueno,Divorciado,Masculino,Independiente,1
64,450.86,Universitaria,Urbana,Bueno,Soltero,Masculino,Empleado,1
56,2396.27,Secundaria,Rural,Bueno,Casado,Femenino,Independiente,1
19,1668.84,Secundaria,Urbana,Regular,Casado,Masculino,Empleado,0
43,1921.44,Universitaria,Urbana,Bueno,Casado,Femenino,Desempleado,1
45,4907.25,Primaria,Urbana,Bueno,Casado,Femenino,Empleado,1
37,992.03,Universitaria,Periferia,Regular,Soltero,Femenino,Independiente,0
29,2200.66,Secundaria,Urbana,Bueno,Soltero,Masculino,Independiente,1
63,4455.26,Secundaria,Rural,Bueno,Casado,Femenino,Empleado,1
56,684.14,Universitaria,Periferia,Malo,Casado,Femenino,Independiente,0
60,2561.03,Secundaria,Urbana,Bueno,Casado,Femenino,Empleado,1
18,2923.54,Primaria,Periferia,Regular,Soltero,Femenino,Independiente,0
64,2065.47,Secundaria,Urbana,Bueno,Soltero,Masculino,Empleado,1
18,901.51,Primaria,Periferia,Regular,Divorciado,Femenino,Independiente,0
53,1048.15,Universitaria,Urbana,Regular,Casado,Femenino,Empleado,1
33,482.79,Secundaria,Urbana,Bueno,Soltero,Masculino,Independiente,0
27,2010.45,Universitaria,Periferia,Malo,Casado,Masculino,Empleado,0
29,2524.28,Postgrado,Rural,Regular,Casado,Masculino,Empleado,1
25,2278.54,Secundaria,Urbana,Malo,Casado,Femenino,Empleado,0
59,2471.67,Secundaria,Urbana,Regular,Soltero,Masculino,Empleado,1
32,1485.85,Primaria,Periferia,Bueno,Casado,Femenino,Independiente,1
29,1593.17,Secundaria,Urbana,Bueno,Soltero,Masculino,Empleado,0
58,2343.54,Secundaria,Urbana,Malo,Soltero,Femenino,Empleado,0
23,1107.42,Universitaria,Rural,Regular,Soltero,Masculino,Empleado,0
27,300.0,Universitaria,Urbana,Malo,Soltero,Masculino,Independiente,0
19,1531.72,Secundaria,Rural,Malo,Divorciado,Masculino,Empleado,0
29,3667.49,Secundaria,Urbana,Regular,Casado,Masculino,Empleado,1
28,1389.52,Secundaria,Rural,Regular,Casado,Masculino,Independiente,0
41,1149.6,Secundaria,Periferia,Malo,Casado,Masculino,Empleado,0
30,300.0,Secundaria,Urbana,Bueno,Soltero,Femenino,Desempleado,0
26,1208.84,Universitaria,Periferia,Malo,Casado,Masculino,Independiente,0
46,1124.8,Secundaria,Urbana,Bueno,Casado,Masculino,Desempleado,1
49,559.57,Secundaria,Rural,Bueno,Casado,Masculino,Independiente,1
44,1502.97,Universitaria,Periferia,Malo,Casado,Masculino,Desempleado,0
36,3122.9,Postgrado,Urbana,Malo,Casado,Femenino,Empleado,1
58,1060.89,Secundaria,Urbana,Bueno,Soltero,Femenino,Empleado,1
59,1978.75,Secundaria,Urbana,Regular,Casado,Femenino,Empleado,1
19,601.14,Secundaria,Urbana,Regular,Casado,Masculino,Independiente,0
19,1580.73,Universitaria,Rural,Bueno,Soltero,Femenino,Empleado,0
45,2435.01,Secundaria,Urbana,Regular,Soltero,Masculino,Empleado,1
43,2687.74,Universitaria,Periferia,Bueno,Casado,Masculino,Empleado,1
19,3130.66,Universitaria,Urbana,Bueno,Soltero,Femenino,Empleado,1
25,564.25,Secundaria,Urbana,Regular,Soltero,Masculino,Empleado,0
22,2232.87,Secundaria,Urbana,Bueno,Casado,Femenino,Empleado,1
46,2986.61,Secundaria,Rural,Bueno,Casado,Masculino,Empleado,1
53,1856.38,Universitaria,Urbana,Bueno,Soltero,Masculino,Empleado,1
59,2225.14,Universitaria,Rural,Regular,Soltero,Femenino,Empleado,1
27,457.06,Universitaria,Urbana,Bueno,Soltero,Femenino,Desempleado,1
61,2097.18,Secundaria,Periferia,Regular,Casado,Femenino,Desempleado,0
54,850.49,Secundaria,Urbana,Bueno,Soltero,Masculino,Empleado,1
26,2773.6,Postgrado,Urbana,Bueno,Soltero,Masculino,Empleado,1
52,2518.27,Postgrado,Urbana,Bueno,Divorciado,Masculino,Empleado,1
37,3471.42,Secundaria,Rural,Bueno,Soltero,Femenino,Desempleado,1
58,956.33,Secundaria,Urbana,Regular,Casado,Femenino,Independiente,1
33,300.0,Universitaria,Periferia,Regular,Casado,Masculino,Empleado,0
55,956.62,Universitaria,Urbana,Regular,Casado,Femenino,Independiente,1
28,3551.63,Postgrado,Urbana,Bueno,Soltero,Femenino,Empleado,1
47,1883.17,Universitaria,Urbana,Bueno,Divorciado,Masculino,Independiente,1
52,1047.95,Secundaria,Urbana,Regular,Soltero,Masculino,Empleado,0
48,4273.12,Postgrado,Urbana,Regular,Casado,Femenino,Empleado,1
62,2554.91,Secundaria,Periferia,Malo,Casado,Masculino,Empleado,0
47,528.62,Secundaria,Periferia,Bueno,Soltero,Masculino,Empleado,0
60,2051.63,Postgrado,Rural,Bueno,Casado,Femenino,Empleado,1
40,1340.29,Secundaria,Urbana,Bueno,Casado,Masculino,Empleado,1
18,3036.73,Postgrado,Periferia,Bueno,Divorciado,Masculino,Empleado,1
36,345.79,Universitaria,Urbana,Malo,Soltero,Femenino,Independiente,0
26,1645.88,Secundaria,Periferia,Bueno,Divorciado,Femenino,Empleado,0
51,2481.22,Postgrado,Rural,Bueno,Divorciado,Femenino,Empleado,1
20,575.52,Universitaria,Periferia,Regular,Divorciado,Masculino,Independiente,0
37,2232.63,Primaria,Rural,Bueno,Casado,Femenino,Empleado,1
62,1875.19,Postgrado,Urbana,Bueno,Soltero,Masculino,Empleado,1
34,951.8,Universitaria,Urbana,Regular,Soltero,Masculino,Empleado,1
59,2331.68,Secundaria,Urbana,Malo,Casado,Masculino,Desempleado,0
38,2617.79,Secundaria,Rural,Bueno,Soltero,Femenino,Independiente,1
30,2329.94,Postgrado,Periferia,Bueno,Casado,Masculino,Independiente,1
38,1054.72,Universitaria,Urbana,Bueno,Casado,Femenino,Desempleado,0
33,1227.64,Universitaria,Urbana,Bueno,Divorciado,Masculino,Independiente,1
46,3071.75,Secundaria,Rural,Malo,Casado,Masculino,Independiente,0
57,3787.89,Primaria,Periferia,Bueno,Soltero,Masculino,Empleado,1
28,1232.2,Postgrado,Urbana,Bueno,Casado,Masculino,Empleado,0
55,833.71,Universitaria,Urbana,Bueno,Casado,Femenino,Empleado,1
57,1797.54,Universitaria,Periferia,Bueno,Casado,Masculino,Independiente,1
53,3286.71,Universitaria,Urbana,Regular,Soltero,Femenino,Empleado,1
34,2392.36,Secundaria,Urbana,Bueno,Casado,Masculino,Empleado,1
58,1553.44,Postgrado,Urbana,Bueno,Casado,Femenino,Empleado,1
56,3198.04,Secundaria,Periferia,Bueno,Casado,Masculino,Empleado,1
18,2655.36,Secundaria,Urbana,Bueno,Casado,Masculino,Empleado,1
39,2587.56,Universitaria,Urbana,Regular,Divorciado,Femenino,Independiente,1
35,2195.01,Secundaria,Periferia,Bueno,Casado,Masculino,Empleado,1
20,1149.73,Postgrado,Periferia,Bueno,Casado,Femenino,Independiente,0
25,2539.54,Secundaria,Urbana,Regular,Casado,Femenino,Desempleado,1
64,300.0,Primaria,Periferia,Bueno,Casado,Masculino,Empleado,0
59,493.71,Postgrado,Urbana,Bueno,Casado,Masculino,Empleado,1
31,1274.59,Postgrado,Urbana,Bueno,Soltero,Femenino,Empleado,0
62,2074.79,Universitaria,Urbana,Regular,Soltero,Masculino,Empleado,1
47,2490.17,Postgrado,Rural,Regular,Casado,Masculino,Empleado,1
38,2822.92,Universitaria,Rural,Bueno,Soltero,Masculino,Empleado,1
39,2152.04,Universitaria,Rural,Regular,Casado,Masculino,Empleado,1
56,2467.92,Secundaria,Periferia,Bueno,Casado,Femenino,Empleado,1
37,2539.64,Secundaria,Periferia,Bueno,Casado,Femenino,Empleado,1
42,1721.93,Secundaria,Urbana,Bueno,Soltero,Masculino,Empleado,1
47,2862.11,Secundaria,Urbana,Malo,Casado,Masculino,Independiente,1
56,967.25,Postgrado,Urbana,Malo,Divorciado,Femenino,Empleado,0
62,1180.97,Universitaria,Rural,Bueno,Casado,Femenino,Empleado,1
30,2154.72,Secundaria,Urbana,Bueno,Divorciado,Femenino,Empleado,0
54,1881.69,Universitaria,Periferia,Malo,Soltero,Masculino,Empleado,1
25,2233.89,Postgrado,Urbana,Bueno,Casado,Femenino,Empleado,0
19,2253.1,Universitaria,Periferia,Regular,Casado,Femenino,Empleado,1
34,3128.96,Primaria,Urbana,Malo,Soltero,Femenino,Empleado,1
63,1219.15,Postgrado,Periferia,Regular,Casado,Femenino,Independiente,0
26,1745.3,Universitaria,Periferia,Bueno,Casado,Masculino,Empleado,1
58,3095.58,Postgrado,Urbana,Bueno,Soltero,Masculino,Independiente,1
56,1152.57,Postgrado,Periferia,Bueno,Soltero,Masculino,Empleado,1
35,1715.24,Universitaria,Rural,Bueno,Casado,Masculino,Empleado,1
27,1484.01,Postgrado,Urbana,Regular,Divorciado,Femenino,Desempleado,1
55,1903.08,Secundaria,Rural,Bueno,Soltero,Masculino,Empleado,1
20,300.0,Secundaria,Periferia,Bueno,Casado,Masculino,Empleado,0
20,2789.6,Secundaria,Urbana,Regular,Soltero,Masculino,Empleado,1
30,934.77,Primaria,Periferia,Malo,Casado,Masculino,Empleado,0
31,1557.74,Universitaria,Periferia,Regular,Casado,Femenino,Empleado,0
50,2586.03,Secundaria,Periferia,Bueno,Soltero,Femenino,Independiente,1
20,2410.3,Secundaria,Urbana,Bueno,Soltero,Masculino,Empleado,1
18,2561.93,Universitaria,Urbana,Regular,Casado,Femenino,Empleado,0
60,2276.24,Postgrado,Rural,Bueno,Soltero,Masculino,Independiente,1
20,1363.56,Universitaria,Periferia,Regular,Casado,Masculino,Empleado,0
36,2176.33,Postgrado,Urbana,Bueno,Soltero,Femenino,Independiente,1
29,966.23,Universitaria,Periferia,Regular,Casado,Masculino,Empleado,0
54,1501.22,Secundaria,Urbana,Malo,Casado,Masculino,Empleado,0
61,1944.51,Postgrado,Urbana,Bueno,Casado,Masculino,Empleado,1
50,925.71,Postgrado,Periferia,Bueno,Soltero,Femenino,Empleado,1
60,2273.47,Postgrado,Urbana,Malo,Soltero,Femenino,Desempleado,1
45,300.0,Universitaria,Rural,Bueno,Casado,Masculino,Independiente,1
21,2656.92,Secundaria,Rural,Bueno,Divorciado,Masculino,Empleado,1
38,1211.54,Secundaria,Rural,Bueno,Soltero,Masculino,Empleado,1
61,2862.59,Primaria,Urbana,Bueno,Soltero,Masculino,Independiente,1
45,649.06,Secundaria,Urbana,Regular,Casado,Masculino,Empleado,0
60,3592.17,Primaria,Periferia,Bueno,Casado,Femenino,Independiente,1
28,1390.16,Postgrado,Urbana,Bueno,Soltero,Femenino,Empleado,0
35,2493.61,Universitaria,Urbana,Bueno,Soltero,Masculino,Empleado,1
42,983.03,Primaria,Rural,Regular,Casado,Femenino,Empleado,0
23,3000.96,Primaria,Rural,Malo,Soltero,Femenino,Desempleado,0
39,1722.41,Primaria,Urbana,Regular,Casado,Femenino,Empleado,0
32,2769.92,Secundaria,Periferia,Malo,Divorciado,Masculino,Empleado,0
34,1941.06,Universitaria,Rural,Malo,Casado,Masculino,Empleado,1
45,2551.91,Universitaria,Urbana,Bueno,Casado,Masculino,Empleado,1
33,2063.07,Secundaria,Urbana,Bueno,Casado,Masculino,Independiente,0
32,4368.84,Secundaria,Periferia,Bueno,Divorciado,Masculino,Empleado,1
46,1701.02,Universitaria,Urbana,Bueno,Casado,Femenino,Independiente,1
37,1428.98,Secundaria,Urbana,Bueno,Soltero,Masculino,Independiente,0
31,300.0,Universitaria,Periferia,Regular,Casado,Masculino,Independiente,0
61,2620.19,Secundaria,Urbana,Bueno,Casado,Femenino,Desempleado,1
48,2664.05,Secundaria,Urbana,Bueno,Soltero,Masculino,Empleado,1
54,2799.56,Universitaria,Urbana,Regular,Casado,Masculino,Independiente,0
61,1702.66,Universitaria,Urbana,Bueno,Soltero,Masculino,Independiente,1
56,2563.46,Secundaria,Urbana,Regular,Casado,Femenino,Independiente,1
39,2052.81,Secundaria,Urbana,Bueno,Soltero,Masculino,Empleado,1
24,2235.98,Secundaria,Urbana,Bueno,Casado,Femenino,Independiente,0
51,1826.59,Secundaria,Urbana,Bueno,Soltero,Masculino,Empleado,1
25,300.0,Secundaria,Rural,Malo,Soltero,Masculino,Empleado,0
57,2492.46,Primaria,Urbana,Bueno,Casado,Masculino,Desempleado,1
52,3254.42,Postgrado,Rural,Bueno,Casado,Femenino,Empleado,1
52,3070.83,Postgrado,Periferia,Bueno,Soltero,Femenino,Empleado,1
20,1730.14,Universitaria,Urbana,Bueno,Casado,Masculino,Independiente,1
24,490.83,Secundaria,Periferia,Malo,Soltero,Masculino,Empleado,0
52,3434.03,Secundaria,Urbana,Bueno,Casado,Masculino,Empleado,1
57,1807.3,Universitaria,Urbana,Bueno,Casado,Masculino,Empleado,1
42,2632.64,Secundaria,Rural,Malo,Casado,Masculino,Desempleado,0
36,1887.97,Universitaria,Urbana,Bueno,Soltero,Masculino,Independiente,1
46,1766.0,Primaria,Urbana,Bueno,Casado,Femenino,Independiente,1
51,1549.73,Postgrado,Urbana,Bueno,Casado,Femenino,Desempleado,1
35,2546.0,Universitaria,Urbana,Malo,Soltero,Femenino,Empleado,1
20,869.82,Universitaria,Urbana,Bueno,Divorciado,Masculino,Empleado,0
63,2853.43,Universitaria,Periferia,Regular,Divorciado,Femenino,Empleado,1
25,385.44,Universitaria,Urbana,Regular,Divorciado,Masculino,Independiente,0
63,4209.96,Secundaria,Rural,Regular,Soltero,Femenino,Independiente,1
25,1331.07,Secundaria,Periferia,Bueno,Casado,Femenino,Independiente,0
34,1746.84,Universitaria,Rural,Bueno,Casado,Masculino,Independiente,1
53,1581.27,Postgrado,Urbana,Bueno,Soltero,Femenino,Empleado,1
34,1832.06,Postgrado,Urbana,Regular,Soltero,Masculino,Independiente,1
61,1534.54,Secundaria,Urbana,Bueno,Soltero,Masculino,Empleado,1
26,1799.53,Secundaria,Urbana,Regular,Casado,Masculino,Empleado,0
60,1715.46,Secundaria,Rural,Regular,Soltero,Masculino,Empleado,0
36,1469.73,Universitaria,Rural,Bueno,Soltero,Femenino,Empleado,1
27,1642.67,Universitaria,Urbana,Bueno,Soltero,Masculino,Empleado,1
34,956.07,Universitaria,Urbana,Bueno,Divorciado,Femenino,Desempleado,1
59,300.0,Secundaria,Urbana,Bueno,Casado,Femenino,Independiente,0
22,1858.61,Secundaria,Urbana,Bueno,Casado,Masculino,Independiente,0
24,2966.79,Secundaria,Urbana,Regular,Casado,Masculino,Independiente,1
39,1592.07,Postgrado,Urbana,Regular,Casado,Femenino,Empleado,1
35,2997.55,Secundaria,Periferia,Regular,Soltero,Femenino,Empleado,1
34,2172.17,Secundaria,Urbana,Bueno,Casado,Femenino,Independiente,1
39,2213.55,Universitaria,Urbana,Regular,Casado,Femenino,Independiente,0
63,2709.2,Secundaria,Urbana,Regular,Divorciado,Femenino,Independiente,1
23,2457.27,Postgrado,Urbana,Bueno,Casado,Masculino,Empleado,1
50,2409.99,Secundaria,Urbana,Bueno,Casado,Masculino,Empleado,1
49,2067.75,Postgrado,Periferia,Bueno,Soltero,Masculino,Empleado,1
24,801.04,Postgrado,Urbana,Bueno,Casado,Femenino,Independiente,0
59,2122.21,Universitaria,Urbana,Bueno,Soltero,Masculino,Independiente,1
55,3350.22,Postgrado,Urbana,Malo,Soltero,Femenino,Empleado,1
47,3663.47,Universitaria,Urbana,Bueno,Casado,Masculino,Empleado,1
26,2829.96,Secundaria,Rural,Regular,Casado,Masculino,Empleado,0
52,4560.43,Secundaria,Urbana,Bueno,Casado,Masculino,Empleado,1
25,2134.54,Postgrado,Periferia,Bueno,Casado,Femenino,Independiente,1
56,1697.69,Secundaria,Rural,Regular,Soltero,Femenino,Empleado,0
19,2001.9,Secundaria,Rural,Bueno,Casado,Femenino,Empleado,1
53,2219.82,Primaria,Urbana,Bueno,Casado,Masculino,Empleado,1
31,2349.17,Universitaria,Urbana,Bueno,Soltero,Masculino,Empleado,1
40,1687.49,Universitaria,Periferia,Regular,Casado,Masculino,Independiente,0
20,3154.57,Postgrado,Urbana,Bueno,Casado,Masculino,Empleado,1
63,2397.16,Primaria,Rural,Bueno,Casado,Masculino,Independiente,1
46,845.58,Postgrado,Periferia,Bueno,Soltero,Femenino,Independiente,0
26,882.13,Universitaria,Rural,Bueno,Casado,Femenino,Empleado,1
57,1375.65,Universitaria,Urbana,Bueno,Casado,Femenino,Independiente,0
33,1905.1,Universitaria,Urbana,Bueno,Soltero,Femenino,Independiente,1
21,2185.6,Primaria,Urbana,Bueno,Divorciado,Masculino,Empleado,1
40,403.35,Secundaria,Rural,Bueno,Soltero,Femenino,Independiente,1
52,1987.06,Postgrado,Urbana,Regular,Casado,Femenino,Empleado,1
64,2364.55,Universitaria,Periferia,Bueno,Casado,Masculino,Empleado,1
36,528.05,Primaria,Periferia,Bueno,Casado,Femenino,Independiente,0
60,444.75,Universitaria,Urbana,Bueno,Casado,Masculino,Independiente,1
62,916.74,Postgrado,Urbana,Bueno,Soltero,Femenino,Empleado,1
24,3119.38,Postgrado,Urbana,Bueno,Divorciado,Femenino,Empleado,1
38,936.89,Universitaria,Urbana,Bueno,Soltero,Femenino,Empleado,1
38,978.53,Secundaria,Urbana,Bueno,Soltero,Masculino,Empleado,1
38,3178.36,Secundaria,Urbana,Bueno,Soltero,Masculino,Empleado,1
57,300.0,Secundaria,Urbana,Bueno,Soltero,Masculino,Empleado,0
39,300.0,Postgrado,Urbana,Bueno,Casado,Femenino,Empleado,1
21,883.01,Universitaria,Urbana,Bueno,Casado,Femenino,Desempleado,0
21,2086.52,Secundaria,Urbana,Bueno,Casado,Masculino,Empleado,0
63,2636.62,Postgrado,Periferia,Bueno,Soltero,Femenino,Empleado,1
27,615.15,Secundaria,Periferia,Bueno,Casado,Masculino,Independiente,1
56,1590.29,Secundaria,Urbana,Bueno,Soltero,Femenino,Empleado,1
27,2516.85,Primaria,Urbana,Regular,Soltero,Femenino,Empleado,0
56,1971.48,Secundaria,Urbana,Bueno,Casado,Femenino,Empleado,1
24,2742.43,Universitaria,Urbana,Bueno,Casado,Femenino,Empleado,1
54,1681.68,Primaria,Periferia,Malo,Casado,Femenino,Empleado,0
35,989.2,Secundaria,Urbana,Malo,Casado,Masculino,Independiente,0
28,3024.15,Secundaria,Rural,Bueno,Divorciado,Masculino,Independiente,1
52,2917.06,Universitaria,Urbana,Regular,Casado,Femenino,Independiente,1
46,1843.38,Secundaria,Rural,Regular,Soltero,Femenino,Empleado,1
23,2220.92,Secundaria,Periferia,Regular,Casado,Femenino,Independiente,0
60,1986.83,Postgrado,Urbana,Bueno,Soltero,Masculino,Desempleado,1
57,1977.03,Secundaria,Urbana,Regular,Casado,Femenino,Desempleado,1
62,804.31,Secundaria,Urbana,Malo,Divorciado,Femenino,Empleado,1
49,1163.52,Universitaria,Rural,Bueno,Soltero,Masculino,Empleado,1
40,1617.36,Secundaria,Rural,Bueno,Soltero,Femenino,Empleado,1
41,3890.96,Primaria,Urbana,Regular,Soltero,Masculino,Empleado,1
26,2218.14,Secundaria,Urbana,Malo,Soltero,Masculino,Empleado,0
34,1314.52,Postgrado,Rural,Malo,Casado,Masculino,Independiente,0
27,2785.31,Secundaria,Urbana,Bueno,Soltero,Masculino,Desempleado,1
59,2104.46,Postgrado,Urbana,Regular,Soltero,Masculino,Independiente,1
34,1207.4,Primaria,Urbana,Malo,Soltero,Femenino,Empleado,0
28,2564.82,Universitaria,Rural,Bueno,Casado,Femenino,Empleado,1
25,2527.87,Postgrado,Urbana,Bueno,Casado,Femenino,Desempleado,1
49,3095.79,Secundaria,Urbana,Bueno,Divorciado,Masculino,Empleado,1
61,1384.37,Postgrado,Rural,Bueno,Casado,Femenino,Independiente,1
43,1686.34,Universitaria,Periferia,Bueno,Soltero,Femenino,Empleado,1
61,1604.78,Secundaria,Urbana,Malo,Casado,Femenino,Independiente,0
18,2126.57,Primaria,Urbana,Bueno,Soltero,Masculino,Empleado,1
21,3200.84,Secundaria,Urbana,Bueno,Divorciado,Masculino,Empleado,1
40,2306.91,Secundaria,Rural,Malo,Casado,Femenino,Independiente,1
44,300.0,Universitaria,Periferia,Bueno,Casado,Masculino,Empleado,0
21,3061.36,Universitaria,Urbana,Bueno,Casado,Femenino,Empleado,1
36,300.0,Universitaria,Urbana,Regular,Casado,Femenino,Empleado,0
30,2111.71,Secundaria,Periferia,Bueno,Soltero,Masculino,Independiente,1
23,1861.3,Secundaria,Urbana,Bueno,Divorciado,Masculino,Independiente,1
51,2212.71,Primaria,Urbana,Malo,Casado,Masculino,Independiente,1
43,3681.81,Universitaria,Urbana,Bueno,Casado,Femenino,Independiente,1
28,3213.91,Secundaria,Urbana,Malo,Casado,Masculino,Independiente,0
61,2168.23,Universitaria,Urbana,Bueno,Casado,Femenino,Empleado,1
37,4585.81,Primaria,Urbana,Malo,Casado,Femenino,Empleado,1
45,1913.76,Postgrado,Rural,Bueno,Divorciado,Femenino,Empleado,1
27,3946.93,Postgrado,Urbana,Bueno,Soltero,Masculino,Empleado,1
36,1807.39,Universitaria,Urbana,Bueno,Soltero,Femenino,Independiente,1
42,2150.38,Primaria,Urbana,Regular,Soltero,Masculino,Empleado,1
48,1380.29,Secundaria,Urbana,Bueno,Soltero,Masculino,Independiente,1
36,1786.64,Primaria,Urbana,Bueno,Divorciado,Masculino,Empleado,0
36,1461.4,Postgrado,Rural,Bueno,Soltero,Femenino,Desempleado,1
39,300.0,Universitaria,Urbana,Bueno,Soltero,Masculino,Empleado,1
25,2305.24,Universitaria,Rural,Bueno,Soltero,Femenino,Independiente,1
40,2724.65,Universitaria,Urbana,Bueno,Casado,Femenino,Empleado,1
33,2637.24,Universitaria,Rural,Bueno,Soltero,Masculino,Empleado,1
32,1992.44,Primaria,Periferia,Malo,Casado,Femenino,Empleado,0
34,4100.57,Universitaria,Urbana,Regular,Soltero,Masculino,Independiente,1
28,351.66,Universitaria,Urbana,Malo,Casado,Masculino,Empleado,0
57,1589.99,Primaria,Urbana,Bueno,Soltero,Masculino,Empleado,1
39,300.0,Universitaria,Urbana,Regular,Casado,Masculino,Empleado,0
45,2371.32,Universitaria,Urbana,Regular,Divorciado,Femenino,Empleado,1
33,2776.38,Universitaria,Urbana,Bueno,Casado,Femenino,Desempleado,1
26,300.0,Postgrado,Periferia,Malo,Soltero,Femenino,Independiente,0
62,3386.45,Universitaria,Periferia,Bueno,Casado,Femenino,Independiente,1
59,1995.27,Universitaria,Urbana,Bueno,Divorciado,Femenino,Empleado,1
25,2522.12,Universitaria,Urbana,Bueno,Soltero,Femenino,Independiente,1
54,2081.13,Primaria,Urbana,Malo,Soltero,Femenino,Desempleado,1
35,2597.5,Universitaria,Rural,Regular,Soltero,Masculino,Empleado,1
20,1664.04,Postgrado,Periferia,Regular,Casado,Femenino,Empleado,0
50,2750.37,Universitaria,Urbana,Regular,Soltero,Femenino,Empleado,1
21,3311.89,Secundaria,Periferia,Malo,Soltero,Femenino,Empleado,1
64,2351.45,Universitaria,Urbana,Bueno,Divorciado,Femenino,Empleado,1
54,1032.19,Primaria,Periferia,Bueno,Casado,Masculino,Independiente,1
53,750.06,Universitaria,Urbana,Bueno,Casado,Femenino,Empleado,0
47,2671.22,Universitaria,Periferia,Bueno,Soltero,Femenino,Empleado,1
49,2543.63,Universitaria,Urbana,Bueno,Casado,Masculino,Independiente,1
48,2325.19,Universitaria,Urbana,Bueno,Divorciado,Femenino,Independiente,1
40,2202.7,Universitaria,Rural,Malo,Soltero,Femenino,Desempleado,1
36,4037.86,Universitaria,Urbana,Malo,Soltero,Femenino,Desempleado,1
53,1657.13,Universitaria,Rural,Bueno,Casado,Femenino,Desempleado,1
60,2049.13,Secundaria,Urbana,Malo,Soltero,Masculino,Empleado,1
25,2808.76,Postgrado,Urbana,Bueno,Soltero,Femenino,Empleado,1
18,1992.32,Universitaria,Rural,Bueno,Soltero,Masculino,Desempleado,1
25,884.06,Universitaria,Urbana,Regular,Soltero,Masculino,Independiente,0
21,3199.4,Secundaria,Urbana,Regular,Soltero,Femenino,Independiente,1
45,1394.56,Primaria,Periferia,Bueno,Casado,Femenino,Empleado,1
55,2399.8,Postgrado,Urbana,Bueno,Soltero,Femenino,Independiente,1
22,3760.2,Secundaria,Urbana,Regular,Soltero,Masculino,Desempleado,1
25,856.06,Secundaria,Urbana,Malo,Casado,Masculino,Empleado,0
23,2133.82,Secundaria,Urbana,Regular,Casado,Masculino,Empleado,0
21,546.84,Secundaria,Urbana,Regular,Soltero,Femenino,Desempleado,0
21,1462.32,Secundaria,Periferia,Regular,Soltero,Masculino,Empleado,0
59,856.53,Universitaria,Urbana,Malo,Soltero,Femenino,Empleado,0
39,1779.1,Secundaria,Urbana,Malo,Casado,Femenino,Empleado,0
33,1333.5,Postgrado,Urbana,Bueno,Soltero,Femenino,Empleado,1
18,1975.01,Secundaria,Periferia,Bueno,Casado,Femenino,Desempleado,0
40,3938.81,Primaria,Urbana,Bueno,Soltero,Masculino,Empleado,1
37,1960.63,Postgrado,Periferia,Bueno,Casado,Femenino,Empleado,0
50,2280.81,Secundaria,Rural,Regular,Soltero,Femenino,Empleado,0
45,3097.01,Secundaria,Urbana,Regular,Soltero,Femenino,Empleado,0
36,300.0,Secundaria,Urbana,Bueno,Casado,Masculino,Empleado,0
37,1356.55,Primaria,Urbana,Malo,Casado,Masculino,Empleado,0
30,2282.89,Universitaria,Urbana,Malo,Soltero,Masculino,Empleado,1
47,2228.12,Universitaria,Periferia,Bueno,Casado,Femenino,Empleado,1
25,2060.67,Secundaria,Rural,Regular,Soltero,Femenino,Independiente,0
64,2885.42,Universitaria,Periferia,Bueno,Casado,Femenino,Empleado,1
19,2286.11,Postgrado,Urbana,Bueno,Casado,Femenino,Empleado,1
60,1672.75,Secundaria,Urbana,Regular,Casado,Femenino,Empleado,1
21,4891.15,Secundaria,Rural,Malo,Casado,Femenino,Empleado,1
63,2769.52,Secundaria,Urbana,Regular,Casado,Femenino,Empleado,1
49,2595.15,Secundaria,Urbana,Bueno,Casado,Masculino,Empleado,1
52,300.0,Postgrado,Urbana,Malo,Casado,Masculino,Independiente,0
27,797.68,Universitaria,Urbana,Bueno,Soltero,Femenino,Empleado,0
60,3685.47,Secundaria,Urbana,Regular,Soltero,Masculino,Independiente,1
54,1422.32,Universitaria,Urbana,Malo,Soltero,Femenino,Independiente,0
62,1304.7,Postgrado,Urbana,Bueno,Soltero,Masculino,Empleado,1
55,2326.06,Universitaria,Rural,Bueno,Casado,Masculino,Independiente,1
26,2602.18,Universitaria,Urbana,Regular,Soltero,Femenino,Independiente,1
31,1782.23,Secundaria,Rural,Bueno,Casado,Masculino,Empleado,1
50,2466.67,Postgrado,Rural,Regular,Soltero,Masculino,Empleado,1
36,2214.9,Secundaria,Periferia,Regular,Casado,Femenino,Empleado,0
60,2577.14,Secundaria,Rural,Bueno,Casado,Masculino,Empleado,1
64,2662.08,Universitaria,Rural,Bueno,Casado,Femenino,Empleado,1
48,1985.0,Universitaria,Urbana,Bueno,Casado,Femenino,Empleado,1
51,3789.25,Secundaria,Urbana,Bueno,Casado,Femenino,Empleado,1
40,3156.21,Secundaria,Urbana,Malo,Soltero,Masculino,Independiente,1
56,2591.51,Secundaria,Urbana,Bueno,Divorciado,Masculino,Empleado,1
55,1689.5,Postgrado,Urbana,Bueno,Casado,Femenino,Independiente,1
30,2296.0,Secundaria,Urbana,Regular,Divorciado,Masculino,Independiente,1
62,2630.58,Postgrado,Rural,Bueno,Soltero,Masculino,Empleado,1
52,2428.17,Secundaria,Urbana,Bueno,Soltero,Femenino,Independiente,1
57,3359.91,Secundaria,Urbana,Malo,Soltero,Masculino,Independiente,1
63,986.46,Universitaria,Urbana,Regular,Divorciado,Masculino,Empleado,1
32,4323.85,Universitaria,Urbana,Bueno,Soltero,Masculino,Empleado,1
36,1763.2,Postgrado,Rural,Bueno,Soltero,Masculino,Independiente,0
44,1065.76,Universitaria,Urbana,Malo,Casado,Femenino,Desempleado,0
32,1837.74,Postgrado,Urbana,Regular,Soltero,Femenino,Independiente,1
42,2409.72,Primaria,Urbana,Regular,Casado,Femenino,Empleado,1
22,3233.94,Secundaria,Urbana,Bueno,Soltero,Masculino,Independiente,1
53,2786.3,Secundaria,Urbana,Regular,Casado,Femenino,Desempleado,1
50,2689.09,Secundaria,Periferia,Bueno,Casado,Femenino,Empleado,1
45,644.16,Universitaria,Periferia,Regular,Casado,Femenino,Empleado,0
40,1132.48,Universitaria,Rural,Bueno,Soltero,Masculino,Desempleado,1
46,937.33,Universitaria,Rural,Malo,Casado,Femenino,Empleado,0
32,1477.99,Universitaria,Periferia,Malo,Soltero,Masculino,Empleado,0
39,1887.89,Secundaria,Urbana,Bueno,Soltero,Masculino,Empleado,1
40,1991.04,Universitaria,Urbana,Regular,Soltero,Femenino,Empleado,1
44,300.0,Universitaria,Urbana,Bueno,Soltero,Femenino,Empleado,1
40,802.79,Primaria,Urbana,Regular,Divorciado,Masculino,Empleado,0
38,300.0,Universitaria,Periferia,Malo,Soltero,Masculino,Independiente,0
61,1130.04,Secundaria,Urbana,Regular,Casado,Masculino,Empleado,0
28,1912.84,Postgrado,Urbana,Bueno,Divorciado,Femenino,Empleado,1
64,2592.0,Primaria,Periferia,Regular,Soltero,Femenino,Empleado,1
57,1428.38,Universitaria,Urbana,Malo,Soltero,Femenino,Empleado,0
20,2570.73,Universitaria,Rural,Bueno,Soltero,Femenino,Empleado,1
62,908.03,Secundaria,Periferia,Regular,Divorciado,Masculino,Empleado,0
62,2226.5,Universitaria,Periferia,Bueno,Soltero,Femenino,Empleado,1
27,1755.47,Primaria,Urbana,Bueno,Divorciado,Femenino,Independiente,1
25,300.0,Universitaria,Rural,Bueno,Soltero,Masculino,Independiente,1
63,1174.24,Primaria,Periferia,Bueno,Soltero,Femenino,Empleado,0
19,2416.52,Postgrado,Periferia,Regular,Casado,Masculino,Independiente,1
56,1954.23,Secundaria,Urbana,Bueno,Casado,Femenino,Independiente,1
41,2440.49,Universitaria,Periferia,Bueno,Soltero,Femenino,Empleado,1
37,2011.33,Universitaria,Periferia,Malo,Soltero,Masculino,Independiente,0
63,953.72,Postgrado,Urbana,Regular,Casado,Masculino,Independiente,1
28,2457.86,Postgrado,Urbana,Bueno,Soltero,Masculino,Independiente,1
36,3726.78,Universitaria,Periferia,Regular,Casado,Masculino,Empleado,1
58,2442.67,Secundaria,Periferia,Bueno,Soltero,Femenino,Independiente,1
47,2339.83,Universitaria,Urbana,Bueno,Casado,Masculino,Empleado,1
30,888.78,Secundaria,Periferia,Regular,Soltero,Femenino,Independiente,0
63,2194.91,Secundaria,Urbana,Malo,Soltero,Femenino,Empleado,0
42,300.0,Secundaria,Periferia,Regular,Soltero,Femenino,Desempleado,0
51,300.0,Postgrado,Rural,Bueno,Soltero,Femenino,Empleado,1
42,2573.7,Secundaria,Urbana,Bueno,Casado,Masculino,Desempleado,1
62,1802.63,Secundaria,Urbana,Regular,Casado,Femenino,Empleado,0
37,911.01,Primaria,Urbana,Bueno,Soltero,Masculino,Desempleado,0
35,1267.39,Universitaria,Urbana,Bueno,Soltero,Masculino,Empleado,0
64,1746.99,Primaria,Periferia,Bueno,Soltero,Masculino,Independiente,1
63,1069.85,Universitaria,Urbana,Bueno,Casado,Masculino,Empleado,1
26,1475.75,Secundaria,Urbana,Regular,Divorciado,Femenino,Empleado,0
28,1358.63,Secundaria,Periferia,Bueno,Divorciado,Masculino,Desempleado,0
19,2151.97,Secundaria,Periferia,Bueno,Casado,Femenino,Empleado,0
19,325.27,Universitaria,Rural,Malo,Soltero,Masculino,Empleado,0
55,917.99,Universitaria,Rural,Bueno,Casado,Femenino,Empleado,1
58,300.0,Universitaria,Rural,Bueno,Divorciado,Femenino,Empleado,1
22,2485.2,Universitaria,Urbana,Bueno,Casado,Femenino,Empleado,1
63,2770.85,Universitaria,Urbana,Malo,Soltero,Femenino,Empleado,1
53,2693.56,Postgrado,Periferia,Bueno,Casado,Masculino,Empleado,1
26,4428.84,Postgrado,Urbana,Bueno,Soltero,Femenino,Empleado,1
27,2497.11,Universitaria,Urbana,Bueno,Divorciado,Femenino,Empleado,1
53,4167.61,Postgrado,Urbana,Bueno,Soltero,Femenino,Independiente,1
26,300.0,Universitaria,Urbana,Bueno,Soltero,Masculino,Empleado,0
37,699.04,Postgrado,Rural,Bueno,Casado,Femenino,Empleado,1
30,1911.96,Secundaria,Urbana,Regular,Casado,Femenino,Independiente,0
33,2782.82,Universitaria,Rural,Bueno,Casado,Masculino,Empleado,1
51,911.41,Postgrado,Rural,Bueno,Soltero,Masculino,Empleado,0
31,1497.83,Universitaria,Urbana,Bueno,Divorciado,Masculino,Empleado,0
41,1719.5,Postgrado,Urbana,Bueno,Soltero,Femenino,Empleado,1
24,1680.28,Universitaria,Urbana,Regular,Casado,Femenino,Empleado,0
28,1979.86,Secundaria,Urbana,Bueno,Divorciado,Femenino,Empleado,1
20,1555.06,Secundaria,Urbana,Regular,Divorciado,Masculino,Empleado,0
19,1822.88,Universitaria,Urbana,Bueno,Soltero,Masculino,Desempleado,1
22,300.0,Postgrado,Urbana,Bueno,Soltero,Masculino,Empleado,0
47,4542.98,Postgrado,Urbana,Regular,Casado,Masculino,Empleado,1
27,1605.15,Universitaria,Periferia,Malo,Casado,Femenino,Empleado,0
32,2028.14,Secundaria,Rural,Malo,Soltero,Masculino,Independiente,0
63,2041.74,Universitaria,Urbana,Bueno,Soltero,Masculino,Independiente,1
52,3160.76,Secundaria,Urbana,Bueno,Casado,Masculino,Desempleado,1
24,1415.67,Secundaria,Rural,Bueno,Soltero,Masculino,Independiente,1
44,3657.69,Postgrado,Urbana,Malo,Soltero,Masculino,Empleado,1
52,2487.86,Primaria,Urbana,Regular,Casado,Femenino,Empleado,1
64,2083.56,Primaria,Periferia,Malo,Soltero,Femenino,Empleado,0
53,1923.31,Postgrado,Urbana,Malo,Soltero,Masculino,Independiente,0
52,1117.19,Secundaria,Periferia,Bueno,Soltero,Femenino,Independiente,0
26,4718.14,Postgrado,Urbana,Regular,Soltero,Femenino,Independiente,1
41,1493.05,Secundaria,Periferia,Regular,Casado,Masculino,Independiente,0
64,2741.61,Primaria,Periferia,Bueno,Casado,Masculino,Independiente,1
61,661.44,Secundaria,Rural,Regular,Casado,Masculino,Desempleado,0
56,2000.31,Secundaria,Rural,Bueno,Soltero,Femenino,Independiente,1
44,1815.21,Universitaria,Periferia,Bueno,Casado,Femenino,Empleado,1
43,300.0,Primaria,Rural,Bueno,Casado,Femenino,Empleado,1
62,2831.7,Universitaria,Rural,Malo,Divorciado,Femenino,Empleado,1
20,3594.61,Primaria,Urbana,Regular,Casado,Femenino,Empleado,1
63,1564.58,Secundaria,Urbana,Bueno,Soltero,Masculino,Independiente,1
64,1455.84,Universitaria,Urbana,Bueno,Soltero,Masculino,Empleado,1
20,2371.3,Universitaria,Periferia,Bueno,Casado,Femenino,Empleado,1
59,867.29,Postgrado,Rural,Bueno,Soltero,Femenino,Empleado,1
22,3189.53,Universitaria,Urbana,Regular,Casado,Masculino,Independiente,1
38,866.78,Universitaria,Urbana,Bueno,Divorciado,Femenino,Empleado,0
52,1994.47,Secundaria,Urbana,Malo,Casado,Femenino,Independiente,0
41,2612.59,Universitaria,Periferia,Bueno,Casado,Masculino,Empleado,1
47,3299.17,Secundaria,Urbana,Bueno,Soltero,Femenino,Empleado,1
21,584.38,Secundaria,Periferia,Regular,Soltero,Femenino,Desempleado,0
28,2376.93,Secundaria,Rural,Regular,Soltero,Masculino,Independiente,0
63,1432.94,Universitaria,Periferia,Bueno,Casado,Masculino,Empleado,1
60,300.0,Secundaria,Rural,Regular,Soltero,Femenino,Independiente,0
21,2375.95,Secundaria,Rural,Regular,Casado,Femenino,Independiente,1
39,2061.0,Primaria,Urbana,Bueno,Divorciado,Masculino,Independiente,0
56,1782.44,Universitaria,Urbana,Regular,Casado,Femenino,Independiente,1
25,2517.72,Secundaria,Urbana,Regular,Casado,Femenino,Empleado,0
21,643.26,Postgrado,Urbana,Bueno,Casado,Femenino,Empleado,0
18,1417.46,Secundaria,Periferia,Malo,Casado,Femenino,Independiente,0
40,4780.64,Universitaria,Periferia,Bueno,Soltero,Masculino,Empleado,1
35,3130.94,Universitaria,Rural,Regular,Casado,Masculino,Independiente,1
21,1979.22,Secundaria,Rural,Bueno,Casado,Masculino,Independiente,1
60,516.8,Universitaria,Urbana,Bueno,Soltero,Masculino,Desempleado,0
51,1482.46,Universitaria,Urbana,Regular,Soltero,Femenino,Empleado,0
60,1317.74,Universitaria,Rural,Regular,Divorciado,Masculino,Empleado,1
26,2125.58,Postgrado,Periferia,Malo,Soltero,Femenino,Independiente,0
28,1980.11,Universitaria,Urbana,Bueno,Casado,Femenino,Empleado,1
56,3702.93,Secundaria,Urbana,Bueno,Soltero,Femenino,Empleado,1
44,1785.75,Universitaria,Periferia,Regular,Divorciado,Femenino,Independiente,0
54,441.57,Universitaria,Urbana,Bueno,Casado,Masculino,Independiente,0
18,300.0,Secundaria,Periferia,Regular,Soltero,Femenino,Independiente,0
62,2881.71,Universitaria,Urbana,Malo,Soltero,Masculino,Empleado,0
50,2291.97,Primaria,Rural,Bueno,Soltero,Masculino,Independiente,1
45,1506.54,Postgrado,Urbana,Bueno,Soltero,Masculino,Desempleado,1
21,2518.76,Universitaria,Rural,Bueno,Casado,Femenino,Desempleado,1
22,1996.4,Universitaria,Periferia,Bueno,Casado,Femenino,Desempleado,1
36,3062.73,Secundaria,Rural,Bueno,Casado,Masculino,Empleado,1
42,489.94,Universitaria,Urbana,Bueno,Soltero,Masculino,Independiente,1
50,1418.11,Secundaria,Rural,Bueno,Casado,Masculino,Empleado,1
40,2840.42,Universitaria,Rural,Regular,Soltero,Masculino,Empleado,1
32,3847.61,Postgrado,Urbana,Bueno,Casado,Femenino,Independiente,1
44,2022.48,Secundaria,Urbana,Bueno,Soltero,Femenino,Empleado,1
48,3648.77,Secundaria,Urbana,Malo,Soltero,Masculino,Empleado,1
38,1343.47,Primaria,Rural,Bueno,Soltero,Femenino,Empleado,1
38,897.84,Secundaria,Urbana,Malo,Casado,Femenino,Empleado,0
23,2691.34,Secundaria,Rural,Malo,Soltero,Masculino,Independiente,1
53,1043.01,Universitaria,Urbana,Regular,Soltero,Femenino,Independiente,0
37,1409.39,Secundaria,Periferia,Bueno,Soltero,Masculino,Empleado,0
37,2868.38,Universitaria,Urbana,Bueno,Soltero,Masculino,Empleado,1
27,3238.19,Secundaria,Urbana,Bueno,Divorciado,Masculino,Independiente,1
41,2408.35,Postgrado,Periferia,Bueno,Casado,Masculino,Desempleado,1
46,2829.93,Secundaria,Urbana,Regular,Casado,Masculino,Empleado,1
43,2632.92,Postgrado,Urbana,Bueno,Casado,Masculino,Independiente,1
23,1914.16,Secundaria,Urbana,Bueno,Soltero,Masculino,Independiente,1
46,1859.56,Secundaria,Urbana,Malo,Casado,Femenino,Empleado,0
48,2535.08,Secundaria,Urbana,Malo,Soltero,Femenino,Independiente,1
31,1919.3,Universitaria,Urbana,Bueno,Casado,Femenino,Empleado,1
47,2382.49,Secundaria,Periferia,Malo,Casado,Femenino,Independiente,0
63,1402.96,Universitaria,Urbana,Bueno,Casado,Masculino,Empleado,1
64,2960.92,Universitaria,Urbana,Bueno,Soltero,Masculino,Independiente,1
36,2474.37,Universitaria,Rural,Bueno,Casado,Femenino,Empleado,1
45,2723.96,Secundaria,Urbana,Bueno,Casado,Femenino,Empleado,1
22,2439.96,Primaria,Urbana,Malo,Soltero,Femenino,Independiente,0
47,4776.57,Secundaria,Urbana,Bueno,Casado,Masculino,Empleado,1
42,3186.32,Secundaria,Periferia,Malo,Soltero,Femenino,Empleado,1
36,467.12,Secundaria,Rural,Bueno,Soltero,Femenino,Empleado,1
47,1983.71,Primaria,Urbana,Bueno,Casado,Femenino,Empleado,1
21,300.0,Universitaria,Periferia,Regular,Casado,Femenino,Empleado,0
51,4487.09,Primaria,Urbana,Malo,Soltero,Femenino,Empleado,1
30,1280.13,Universitaria,Urbana,Bueno,Casado,Masculino,Empleado,1
59,3024.39,Secundaria,Urbana,Bueno,Soltero,Masculino,Empleado,1
30,2915.82,Universitaria,Rural,Regular,Casado,Masculino,Desempleado,1
38,2570.81,Primaria,Urbana,Malo,Divorciado,Masculino,Empleado,0
62,2638.44,Universitaria,Urbana,Bueno,Casado,Femenino,Empleado,1
33,2884.55,Secundaria,Urbana,Bueno,Soltero,Femenino,Empleado,1
52,2455.32,Secundaria,Urbana,Bueno,Casado,Femenino,Independiente,1
59,1267.51,Postgrado,Periferia,Bueno,Casado,Femenino,Empleado,1
20,1481.11,Secundaria,Periferia,Malo,Divorciado,Femenino,Desempleado,0
63,3064.36,Universitaria,Rural,Regular,Soltero,Femenino,Independiente,1
25,1927.6,Universitaria,Urbana,Bueno,Soltero,Femenino,Empleado,1
33,1899.15,Secundaria,Urbana,Malo,Casado,Masculino,Empleado,0
33,861.94,Postgrado,Periferia,Malo,Casado,Femenino,Desempleado,0
55,2932.69,Secundaria,Urbana,Bueno,Casado,Masculino,Desempleado,1
21,1743.96,Universitaria,Urbana,Malo,Soltero,Masculino,Independiente,0
53,2780.83,Universitaria,Periferia,Bueno,Casado,Masculino,Empleado,1
37,3373.99,Secundaria,Rural,Malo,Casado,Masculino,Independiente,1
52,1406.53,Universitaria,Rural,Bueno,Casado,Femenino,Independiente,1
33,1393.06,Universitaria,Urbana,Malo,Casado,Femenino,Empleado,0
23,1698.02,Secundaria,Urbana,Bueno,Soltero,Masculino,Independiente,0
41,544.13,Universitaria,Urbana,Regular,Casado,Masculino,Independiente,0
29,2375.84,Universitaria,Rural,Malo,Soltero,Masculino,Independiente,0
40,1384.86,Secundaria,Urbana,Regular,Divorciado,Masculino,Empleado,0
61,323.86,Universitaria,Urbana,Regular,Soltero,Femenino,Empleado,0
22,1861.35,Universitaria,Urbana,Bueno,Soltero,Masculino,Independiente,1
36,1964.5,Universitaria,Periferia,Bueno,Casado,Masculino,Empleado,1
20,2442.57,Primaria,Rural,Bueno,Soltero,Femenino,Empleado,1
40,3397.53,Secundaria,Rural,Bueno,Divorciado,Masculino,Independiente,1
22,3171.97,Secundaria,Periferia,Bueno,Casado,Femenino,Desempleado,1
40,1710.37,Universitaria,Urbana,Bueno,Soltero,Femenino,Independiente,1
25,2247.32,Universitaria,Urbana,Regular,Casado,Femenino,Empleado,1
22,1427.27,Secundaria,Periferia,Bueno,Soltero,Femenino,Empleado,0
51,2739.04,Universitaria,Rural,Bueno,Casado,Masculino,Empleado,1
20,1031.77,Universitaria,Urbana,Regular,Divorciado,Femenino,Empleado,0
53,428.89,Postgrado,Periferia,Bueno,Casado,Masculino,Independiente,0
47,1615.7,Universitaria,Urbana,Malo,Casado,Masculino,Independiente,1
53,1310.98,Universitaria,Rural,Bueno,Soltero,Masculino,Empleado,1
46,1706.61,Postgrado,Urbana,Bueno,Soltero,Masculino,Independiente,1
60,2561.39,Universitaria,Periferia,Bueno,Soltero,Masculino,Empleado,1
18,1266.65,Postgrado,Periferia,Bueno,Soltero,Masculino,Desempleado,0
40,2174.57,Secundaria,Urbana,Bueno,Soltero,Masculino,Empleado,1
55,1338.48,Secundaria,Urbana,Malo,Soltero,Masculino,Desempleado,0
28,2879.56,Primaria,Urbana,Bueno,Soltero,Femenino,Empleado,0
20,2083.51,Secundaria,Rural,Malo,Soltero,Femenino,Desempleado,0
63,2022.13,Universitaria,Rural,Malo,Casado,Femenino,Independiente,1
42,1921.17,Postgrado,Urbana,Bueno,Casado,Femenino,Empleado,1
33,967.69,Secundaria,Urbana,Bueno,Divorciado,Femenino,Independiente,1
41,2734.1,Universitaria,Periferia,Bueno,Casado,Femenino,Empleado,1
56,1308.3,Secundaria,Periferia,Bueno,Casado,Femenino,Empleado,0
47,2189.56,Universitaria,Urbana,Bueno,Soltero,Femenino,Empleado,1
31,2442.02,Secundaria,Urbana,Regular,Casado,Masculino,Empleado,1
18,3262.97,Universitaria,Urbana,Bueno,Casado,Masculino,Independiente,1
28,2655.33,Universitaria,Urbana,Bueno,Casado,Femenino,Empleado,0
47,1725.6,Universitaria,Urbana,Bueno,Casado,Femenino,Independiente,1
41,1446.31,Secundaria,Urbana,Bueno,Divorciado,Masculino,Desempleado,1
56,1667.27,Postgrado,Urbana,Bueno,Soltero,Femenino,Empleado,1
34,1049.82,Primaria,Urbana,Bueno,Divorciado,Femenino,Empleado,1
38,661.01,Universitaria,Urbana,Regular,Casado,Masculino,Empleado,0
61,1728.81,Secundaria,Urbana,Bueno,Casado,Masculino,Empleado,1
21,300.0,Universitaria,Urbana,Regular,Soltero,Femenino,Independiente,0
61,1508.6,Postgrado,Rural,Malo,Divorciado,Masculino,Empleado,0
42,757.66,Secundaria,Urbana,Malo,Casado,Femenino,Empleado,0
45,1704.9,Secundaria,Rural,Regular,Casado,Femenino,Empleado,0
40,2401.3,Secundaria,Urbana,Bueno,Casado,Masculino,Independiente,1
54,4192.03,Secundaria,Urbana,Bueno,Casado,Masculino,Desempleado,1
48,1547.05,Secundaria,Urbana,Regular,Casado,Masculino,Empleado,0
38,3093.08,Postgrado,Periferia,Bueno,Casado,Femenino,Independiente,1
27,1125.7,Secundaria,Urbana,Bueno,Casado,Masculino,Empleado,1
42,2386.26,Secundaria,Rural,Bueno,Soltero,Masculino,Independiente,1
51,300.0,Secundaria,Rural,Bueno,Casado,Femenino,Independiente,1
20,2860.56,Universitaria,Periferia,Bueno,Casado,Femenino,Empleado,1
36,4177.02,Secundaria,Periferia,Bueno,Casado,Femenino,Empleado,1
29,1567.99,Secundaria,Urbana,Bueno,Soltero,Femenino,Independiente,1
44,1283.25,Secundaria,Urbana,Malo,Casado,Femenino,Independiente,0
60,445.89,Secundaria,Urbana,Bueno,Soltero,Femenino,Empleado,0
51,848.52,Secundaria,Urbana,Bueno,Casado,Femenino,Desempleado,1
21,1261.35,Postgrado,Urbana,Bueno,Soltero,Masculino,Independiente,0
36,2576.13,Universitaria,Periferia,Bueno,Casado,Masculino,Empleado,1
56,5059.83,Primaria,Rural,Malo,Casado,Masculino,Empleado,1
52,1945.66,Postgrado,Periferia,Malo,Casado,Femenino,Empleado,0
18,2300.94,Universitaria,Urbana,Malo,Casado,Masculino,Independiente,0
32,1351.5,Secundaria,Urbana,Malo,Casado,Femenino,Empleado,0
58,1851.65,Secundaria,Periferia,Malo,Casado,Femenino,Empleado,1
34,2239.65,Secundaria,Rural,Malo,Casado,Masculino,Empleado,0
25,1058.8,Universitaria,Urbana,Bueno,Casado,Femenino,Empleado,0
21,2547.05,Secundaria,Urbana,Regular,Casado,Femenino,Empleado,0
36,1857.78,Postgrado,Periferia,Bueno,Casado,Femenino,Empleado,0
22,1787.91,Secundaria,Urbana,Malo,Soltero,Masculino,Empleado,0
27,2729.56,Primaria,Rural,Regular,Soltero,Femenino,Empleado,0
46,649.14,Universitaria,Urbana,Bueno,Soltero,Masculino,Desempleado,1
58,1761.52,Secundaria,Periferia,Bueno,Casado,Masculino,Empleado,1
52,2173.74,Secundaria,Urbana,Malo,Soltero,Femenino,Empleado,1
42,1184.52,Secundaria,Urbana,Bueno,Soltero,Femenino,Independiente,1
20,825.66,Primaria,Urbana,Bueno,Casado,Femenino,Independiente,0
27,644.83,Postgrado,Periferia,Bueno,Casado,Femenino,Empleado,0
52,802.94,Universitaria,Periferia,Regular,Casado,Femenino,Independiente,0
45,3023.63,Universitaria,Urbana,Regular,Casado,Femenino,Empleado,1
31,2287.8,Secundaria,Urbana,Bueno,Soltero,Masculino,Empleado,1
18,2837.72,Secundaria,Rural,Regular,Divorciado,Masculino,Desempleado,1
60,5167.46,Secundaria,Urbana,Bueno,Casado,Masculino,Empleado,1
24,2087.6,Secundaria,Urbana,Bueno,Casado,Femenino,Empleado,1
41,2726.46,Postgrado,Urbana,Bueno,Soltero,Femenino,Independiente,1
28,1190.41,Universitaria,Periferia,Bueno,Casado,Femenino,Empleado,0
39,2145.21,Universitaria,Urbana,Bueno,Casado,Femenino,Desempleado,1
36,1888.45,Universitaria,Urbana,Malo,Casado,Masculino,Independiente,0
64,846.35,Postgrado,Urbana,Regular,Soltero,Masculino,Empleado,1
19,3007.94,Secundaria,Urbana,Bueno,Soltero,Masculino,Empleado,1
50,3781.41,Secundaria,Urbana,Regular,Casado,Masculino,Empleado,1
48,2684.62,Secundaria,Rural,Bueno,Soltero,Masculino,Independiente,1
59,2668.27,Universitaria,Periferia,Regular,Casado,Masculino,Independiente,1
51,3731.32,Secundaria,Rural,Bueno,Casado,Femenino,Independiente,1
56,3315.09,Secundaria,Urbana,Bueno,Soltero,Masculino,Independiente,1
46,2162.36,Secundaria,Urbana,Bueno,Casado,Femenino,Empleado,1
19,634.41,Secundaria,Urbana,Bueno,Casado,Femenino,Independiente,0
61,2156.98,Secundaria,Urbana,Bueno,Casado,Masculino,Desempleado,0
53,500.66,Secundaria,Rural,Bueno,Casado,Femenino,Desempleado,1
36,1160.61,Secundaria,Urbana,Regular,Casado,Masculino,Empleado,0
27,1178.53,Secundaria,Periferia,Bueno,Casado,Masculino,Empleado,0
32,479.01,Secundaria,Urbana,Regular,Soltero,Masculino,Independiente,0
33,2582.47,Universitaria,Urbana,Bueno,Casado,Femenino,Empleado,1
26,1740.44,Postgrado,Rural,Bueno,Soltero,Femenino,Empleado,1
25,748.43,Postgrado,Rural,Bueno,Casado,Femenino,Independiente,0
31,3175.51,Secundaria,Periferia,Bueno,Casado,Masculino,Empleado,1
27,501.59,Secundaria,Periferia,Bueno,Soltero,Masculino,Empleado,0
62,2087.08,Primaria,Periferia,Bueno,Casado,Femenino,Independiente,1
34,1903.98,Primaria,Urbana,Malo,Casado,Masculino,Empleado,1
18,1382.18,Universitaria,Rural,Regular,Casado,Masculino,Desempleado,0
53,1196.85,Secundaria,Urbana,Bueno,Casado,Masculino,Empleado,1
28,1563.46,Universitaria,Urbana,Malo,Soltero,Masculino,Independiente,0
41,1306.96,Universitaria,Periferia,Malo,Soltero,Masculino,Empleado,0
18,2984.94,Secundaria,Urbana,Malo,Soltero,Femenino,Empleado,0
27,1004.88,Secundaria,Rural,Regular,Soltero,Femenino,Empleado,0
60,3604.01,Secundaria,Urbana,Bueno,Soltero,Masculino,Empleado,1
22,1469.81,Secundaria,Urbana,Regular,Soltero,Masculino,Empleado,0
43,783.24,Secundaria,Urbana,Regular,Soltero,Masculino,Independiente,0
28,2618.74,Secundaria,Urbana,Regular,Soltero,Femenino,Independiente,1
38,1877.04,Secundaria,Urbana,Bueno,Soltero,Masculino,Empleado,1
57,3936.38,Universitaria,Periferia,Bueno,Casado,Masculino,Empleado,1
62,3794.68,Universitaria,Rural,Malo,Soltero,Masculino,Empleado,1
61,1877.43,Primaria,Urbana,Bueno,Soltero,Femenino,Independiente,0
61,1312.2,Secundaria,Urbana,Malo,Casado,Masculino,Empleado,0
58,2335.22,Universitaria,Periferia,Bueno,Casado,Masculino,Desempleado,1
26,2205.94,Secundaria,Urbana,Malo,Soltero,Masculino,Independiente,0
62,2945.43,Primaria,Periferia,Regular,Casado,Masculino,Empleado,1
33,1983.9,Universitaria,Periferia,Bueno,Casado,Masculino,Empleado,0
48,2761.47,Universitaria,Rural,Regular,Casado,Femenino,Independiente,1
22,2360.1,Universitaria,Rural,Bueno,Casado,Femenino,Desempleado,1
33,300.0,Secundaria,Urbana,Bueno,Soltero,Femenino,Independiente,0
21,1142.01,Secundaria,Urbana,Bueno,Casado,Masculino,Empleado,1
34,1510.58,Universitaria,Periferia,Malo,Soltero,Femenino,Empleado,0
54,2097.68,Universitaria,Periferia,Regular,Casado,Masculino,Empleado,1
33,1075.56,Universitaria,Periferia,Bueno,Casado,Masculino,Empleado,1
37,2644.89,Secundaria,Urbana,Bueno,Casado,Femenino,Independiente,1
59,3340.34,Postgrado,Rural,Bueno,Casado,Masculino,Empleado,1
32,2368.77,Universitaria,Periferia,Bueno,Soltero,Masculino,Empleado,1
52,2602.69,Secundaria,Urbana,Bueno,Casado,Masculino,Empleado,1
56,2142.0,Secundaria,Periferia,Malo,Casado,Masculino,Empleado,0
52,492.26,Secundaria,Urbana,Bueno,Casado,Femenino,Independiente,1
31,1383.36,Universitaria,Rural,Bueno,Casado,Masculino,Empleado,1
46,2706.49,Universitaria,Urbana,Malo,Soltero,Masculino,Empleado,0
38,2478.86,Universitaria,Urbana,Malo,Casado,Masculino,Empleado,1
45,3964.91,Secundaria,Urbana,Bueno,Divorciado,Femenino,Independiente,1
56,3226.89,Secundaria,Urbana,Malo,Casado,Femenino,Empleado,1
51,2321.15,Secundaria,Urbana,Bueno,Casado,Femenino,Empleado,1
21,1902.92,Universitaria,Urbana,Bueno,Casado,Masculino,Empleado,1
45,2110.01,Secundaria,Urbana,Bueno,Soltero,Femenino,Empleado,0
62,2621.38,Universitaria,Urbana,Bueno,Divorciado,Masculino,Independiente,1
25,3048.79,Secundaria,Urbana,Bueno,Casado,Masculino,Empleado,1
48,2065.43,Secundaria,Urbana,Bueno,Casado,Masculino,Independiente,1
53,2255.96,Universitaria,Periferia,Regular,Soltero,Femenino,Empleado,1
54,1516.27,Secundaria,Periferia,Bueno,Casado,Femenino,Empleado,1
34,925.12,Universitaria,Rural,Regular,Casado,Masculino,Empleado,0
40,2230.63,Secundaria,Periferia,Regular,Casado,Masculino,Empleado,0
50,1141.53,Universitaria,Urbana,Bueno,Soltero,Femenino,Independiente,1
43,1437.47,Secundaria,Urbana,Bueno,Casado,Masculino,Independiente,1
50,2760.17,Secundaria,Periferia,Regular,Soltero,Masculino,Empleado,0
37,1966.57,Secundaria,Urbana,Bueno,Casado,Masculino,Empleado,1
39,1018.33,Primaria,Urbana,Bueno,Casado,Femenino,Independiente,0
28,3054.02,Universitaria,Rural,Bueno,Casado,Femenino,Independiente,1
50,2442.17,Secundaria,Urbana,Regular,Casado,Masculino,Independiente,1
61,1968.82,Secundaria,Urbana,Bueno,Casado,Femenino,Desempleado,1
22,5576.51,Secundaria,Urbana,Malo,Casado,Femenino,Desempleado,1
35,694.34,Secundaria,Urbana,Bueno,Soltero,Femenino,Independiente,0
58,2538.63,Universitaria,Urbana,Bueno,Soltero,Femenino,Empleado,1
44,2282.9,Secundaria,Urbana,Malo,Casado,Masculino,Empleado,0
25,1781.59,Secundaria,Rural,Bueno,Divorciado,Masculino,Empleado,1
35,1860.71,Universitaria,Urbana,Bueno,Soltero,Femenino,Empleado,1
35,1690.85,Postgrado,Urbana,Bueno,Soltero,Masculino,Independiente,1
51,2431.76,Secundaria,Urbana,Bueno,Soltero,Femenino,Empleado,1
51,3562.02,Secundaria,Urbana,Bueno,Soltero,Masculino,Independiente,1
29,1408.54,Primaria,Urbana,Bueno,Casado,Femenino,Empleado,0
18,705.03,Secundaria,Urbana,Bueno,Casado,Femenino,Empleado,0
43,1424.51,Secundaria,Urbana,Malo,Soltero,Masculino,Empleado,0
18,1992.77,Primaria,Urbana,Bueno,Casado,Masculino,Empleado,1
44,3348.41,Secundaria,Periferia,Bueno,Casado,Masculino,Empleado,1
54,2914.29,Secundaria,Periferia,Regular,Soltero,Masculino,Desempleado,1
28,2787.35,Universitaria,Periferia,Bueno,Divorciado,Femenino,Independiente,1
58,3277.93,Primaria,Rural,Bueno,Soltero,Masculino,Empleado,1
41,1557.93,Universitaria,Urbana,Malo,Soltero,Femenino,Empleado,0
23,1571.71,Secundaria,Rural,Bueno,Casado,Masculino,Independiente,0
29,1452.06,Secundaria,Urbana,Bueno,Casado,Femenino,Empleado,0
24,3522.24,Postgrado,Urbana,Bueno,Soltero,Femenino,Empleado,1
42,1796.22,Postgrado,Urbana,Bueno,Soltero,Masculino,Empleado,1
32,1968.34,Universitaria,Urbana,Bueno,Casado,Masculino,Independiente,1
60,1869.91,Postgrado,Urbana,Malo,Soltero,Masculino,Empleado,0
30,1753.35,Primaria,Periferia,Bueno,Casado,Femenino,Empleado,1
55,300.0,Universitaria,Urbana,Malo,Casado,Femenino,Independiente,1
48,2707.54,Secundaria,Periferia,Bueno,Soltero,Masculino,Independiente,1
42,2746.81,Secundaria,Periferia,Malo,Casado,Femenino,Independiente,0
54,2180.83,Universitaria,Periferia,Bueno,Casado,Femenino,Empleado,1
64,3513.42,Secundaria,Rural,Bueno,Soltero,Femenino,Desempleado,1
52,1258.13,Secundaria,Urbana,Regular,Soltero,Masculino,Independiente,1
40,1897.13,Secundaria,Urbana,Bueno,Soltero,Masculino,Independiente,1
43,3646.52,Secundaria,Periferia,Bueno,Soltero,Masculino,Empleado,1
52,1343.61,Secundaria,Urbana,Bueno,Casado,Masculino,Desempleado,0
35,2325.59,Secundaria,Periferia,Regular,Soltero,Masculino,Empleado,0
54,300.0,Secundaria,Urbana,Malo,Casado,Masculino,Independiente,0
38,2842.64,Universitaria,Urbana,Regular,Divorciado,Femenino,Empleado,1
53,4103.13,Universitaria,Periferia,Bueno,Soltero,Masculino,Empleado,1
26,300.0,Secundaria,Urbana,Bueno,Casado,Masculino,Desempleado,0
18,2265.5,Secundaria,Urbana,Regular,Casado,Femenino,Empleado,0
32,2517.26,Secundaria,Periferia,Bueno,Soltero,Masculino,Empleado,0
44,2196.47,Universitaria,Urbana,Bueno,Soltero,Masculino,Empleado,1
60,2796.49,Universitaria,Urbana,Bueno,Casado,Masculino,Empleado,1
47,1832.14,Secundaria,Periferia,Regular,Divorciado,Femenino,Empleado,1
21,2924.28,Secundaria,Rural,Malo,Soltero,Masculino,Independiente,0
28,674.23,Secundaria,Urbana,Bueno,Soltero,Masculino,Empleado,0
46,611.6,Universitaria,Urbana,Malo,Soltero,Femenino,Desempleado,0
30,813.01,Postgrado,Urbana,Bueno,Casado,Masculino,Empleado,0
21,1369.06,Postgrado,Rural,Malo,Soltero,Masculino,Independiente,0
23,1398.43,Universitaria,Periferia,Regular,Soltero,Masculino,Independiente,0
56,1289.32,Secundaria,Rural,Regular,Casado,Femenino,Empleado,0
59,3204.99,Primaria,Urbana,Bueno,Soltero,Masculino,Desempleado,1
18,2512.42,Universitaria,Urbana,Bueno,Casado,Femenino,Desempleado,1
30,1665.62,Universitaria,Urbana,Malo,Soltero,Masculino,Desempleado,0
44,3818.65,Secundaria,Urbana,Regular,Soltero,Masculino,Independiente,1
55,545.73,Secundaria,Urbana,Bueno,Casado,Masculino,Independiente,0
46,2312.65,Universitaria,Periferia,Malo,Casado,Femenino,Independiente,1
39,1389.16,Primaria,Rural,Regular,Soltero,Femenino,Empleado,0
63,3381.94,Secundaria,Urbana,Bueno,Soltero,Masculino,Empleado,1
50,3117.86,Universitaria,Urbana,Regular,Casado,Femenino,Independiente,1
43,2034.07,Universitaria,Urbana,Malo,Casado,Masculino,Empleado,1
22,3266.51,Secundaria,Periferia,Bueno,Casado,Femenino,Independiente,1
20,1601.74,Universitaria,Periferia,Bueno,Casado,Femenino,Empleado,0
43,822.02,Universitaria,Urbana,Bueno,Casado,Masculino,Empleado,0
46,1692.25,Secundaria,Periferia,Bueno,Casado,Masculino,Empleado,1
38,1342.45,Primaria,Rural,Malo,Soltero,Femenino,Empleado,0
63,2979.98,Universitaria,Periferia,Bueno,Casado,Femenino,Empleado,1
22,1490.32,Primaria,Urbana,Malo,Casado,Femenino,Independiente,0
37,1088.58,Secundaria,Urbana,Bueno,Casado,Masculino,Empleado,1
52,2243.56,Universitaria,Urbana,Bueno,Casado,Femenino,Independiente,1
64,3870.15,Universitaria,Urbana,Bueno,Casado,Femenino,Independiente,1
19,959.07,Postgrado,Periferia,Bueno,Soltero,Masculino,Empleado,1
48,3304.56,Secundaria,Periferia,Regular,Soltero,Femenino,Independiente,1
55,300.0,Secundaria,Urbana,Bueno,Casado,Masculino,Independiente,0
46,2432.67,Universitaria,Urbana,Regular,Casado,Femenino,Empleado,1
23,1403.45,Secundaria,Urbana,Regular,Casado,Femenino,Independiente,0
44,2953.29,Universitaria,Urbana,Malo,Casado,Masculino,Empleado,1
27,1800.06,Secundaria,Rural,Bueno,Casado,Femenino,Empleado,0
60,1355.97,Secundaria,Periferia,Bueno,Casado,Femenino,Empleado,1
33,2660.6,Secundaria,Urbana,Bueno,Soltero,Masculino,Empleado,1
64,2203.22,Secundaria,Rural,Regular,Casado,Masculino,Empleado,1
23,731.13,Postgrado,Urbana,Bueno,Casado,Masculino,Independiente,0
37,300.0,Secundaria,Periferia,Bueno,Casado,Femenino,Empleado,0
29,1452.78,Universitaria,Urbana,Bueno,Soltero,Masculino,Empleado,0
20,2980.9,Universitaria,Rural,Regular,Divorciado,Masculino,Independiente,1
45,3210.96,Postgrado,Rural,Malo,Soltero,Masculino,Independiente,0
32,1794.61,Secundaria,Urbana,Malo,Casado,Femenino,Independiente,0
19,2063.94,Universitaria,Urbana,Bueno,Soltero,Masculino,Empleado,1
28,2800.07,Secundaria,Urbana,Regular,Soltero,Femenino,Empleado,0
23,1040.5,Secundaria,Periferia,Bueno,Casado,Masculino,Empleado,1
23,3574.6,Secundaria,Urbana,Malo,Soltero,Masculino,Independiente,1
22,300.0,Postgrado,Urbana,Bueno,Casado,Femenino,Empleado,0
62,2146.45,Universitaria,Periferia,Bueno,Soltero,Femenino,Empleado,1
51,1904.28,Secundaria,Urbana,Bueno,Soltero,Femenino,Independiente,1
22,554.02,Postgrado,Urbana,Bueno,Soltero,Femenino,Empleado,0
58,3105.31,Secundaria,Periferia,Regular,Casado,Masculino,Empleado,1
28,3168.64,Postgrado,Urbana,Bueno,Casado,Masculino,Empleado,1
56,1581.21,Secundaria,Urbana,Regular,Divorciado,Femenino,Empleado,0
35,1688.79,Secundaria,Periferia,Bueno,Casado,Femenino,Empleado,0
27,2975.85,Secundaria,Urbana,Bueno,Casado,Femenino,Empleado,1
36,3556.99,Postgrado,Periferia,Bueno,Soltero,Femenino,Independiente,1
54,2601.26,Secundaria,Periferia,Bueno,Divorciado,Masculino,Independiente,1
51,4884.6,Universitaria,Urbana,Regular,Soltero,Femenino,Empleado,1
41,1813.53,Universitaria,Urbana,Regular,Casado,Femenino,Empleado,1
62,1760.82,Secundaria,Urbana,Regular,Soltero,Femenino,Independiente,1
62,1505.79,Universitaria,Urbana,Bueno,Soltero,Masculino,Empleado,1
30,2133.26,Secundaria,Urbana,Bueno,Divorciado,Femenino,Empleado,0
59,659.44,Universitaria,Urbana,Bueno,Divorciado,Masculino,Independiente,1
38,2699.02,Secundaria,Periferia,Bueno,Casado,Masculino,Independiente,1
56,2108.21,Secundaria,Urbana,Malo,Casado,Femenino,Empleado,0
40,1588.1,Secundaria,Periferia,Malo,Casado,Femenino,Empleado,0
23,1825.41,Universitaria,Periferia,Regular,Soltero,Femenino,Empleado,0
51,2637.79,Primaria,Urbana,Bueno,Soltero,Femenino,Desempleado,1
37,1410.27,Secundaria,Rural,Bueno,Casado,Femenino,Empleado,1
62,1136.23,Postgrado,Urbana,Bueno,Soltero,Femenino,Independiente,1
41,3643.38,Universitaria,Urbana,Malo,Casado,Masculino,Desempleado,1
21,1423.01,Secundaria,Periferia,Bueno,Soltero,Masculino,Empleado,0
58,655.28,Universitaria,Periferia,Bueno,Casado,Masculino,Empleado,1
27,1081.31,Universitaria,Urbana,Malo,Casado,Masculino,Empleado,0
46,1546.29,Postgrado,Rural,Bueno,Casado,Masculino,Empleado,1
43,1804.21,Secundaria,Urbana,Bueno,Soltero,Masculino,Empleado,1
59,1171.35,Secundaria,Urbana,Bueno,Soltero,Femenino,Empleado,1
58,1200.34,Primaria,Urbana,Bueno,Casado,Femenino,Empleado,1
22,1898.9,Universitaria,Urbana,Malo,Soltero,Femenino,Desempleado,0
29,3276.99,Secundaria,Urbana,Malo,Casado,Femenino,Empleado,0
62,3935.65,Secundaria,Urbana,Malo,Soltero,Masculino,Empleado,1
45,3201.43,Secundaria,Periferia,Malo,Casado,Femenino,Independiente,1
44,2895.07,Universitaria,Rural,Bueno,Casado,Masculino,Desempleado,1
32,2229.13,Universitaria,Urbana,Regular,Soltero,Femenino,Empleado,1
18,3177.55,Secundaria,Urbana,Regular,Casado,Masculino,Empleado,1
18,811.42,Universitaria,Rural,Bueno,Soltero,Femenino,Empleado,0
21,597.84,Secundaria,Urbana,Bueno,Casado,Femenino,Empleado,0
27,3114.95,Secundaria,Periferia,Bueno,Casado,Masculino,Empleado,1
47,3199.05,Universitaria,Rural,Malo,Casado,Masculino,Desempleado,1
59,3019.36,Secundaria,Urbana,Regular,Casado,Femenino,Independiente,1
22,2766.75,Universitaria,Urbana,Regular,Soltero,Femenino,Empleado,0
50,2552.97,Primaria,Urbana,Bueno,Soltero,Femenino,Empleado,1
34,2017.84,Secundaria,Urbana,Bueno,Soltero,Femenino,Independiente,1
30,1895.3,Secundaria,Rural,Bueno,Divorciado,Femenino,Desempleado,1
47,1601.13,Secundaria,Urbana,Bueno,Casado,Femenino,Empleado,1
55,2268.84,Secundaria,Urbana,Malo,Casado,Masculino,Empleado,1
34,922.4,Universitaria,Rural,Bueno,Soltero,Femenino,Empleado,1
58,1326.55,Universitaria,Urbana,Malo,Casado,Masculino,Empleado,0
47,2640.41,Postgrado,Urbana,Regular,Soltero,Femenino,Empleado,1
21,300.0,Primaria,Urbana,Bueno,Casado,Femenino,Independiente,0
47,1170.37,Postgrado,Rural,Bueno,Soltero,Masculino,Independiente,0
24,2510.8,Universitaria,Urbana,Bueno,Soltero,Masculino,Desempleado,1
49,2100.27,Secundaria,Urbana,Bueno,Casado,Femenino,Empleado,1
38,2705.25,Universitaria,Urbana,Malo,Soltero,Femenino,Empleado,0
33,2891.03,Secundaria,Urbana,Bueno,Casado,Femenino,Desempleado,1
56,1260.72,Postgrado,Urbana,Regular,Casado,Masculino,Empleado,1
25,461.9,Universitaria,Urbana,Bueno,Casado,Femenino,Empleado,1
20,976.71,Postgrado,Periferia,Bueno,Casado,Masculino,Independiente,0
22,2692.64,Universitaria,Urbana,Bueno,Soltero,Masculino,Independiente,1
59,1216.38,Postgrado,Urbana,Bueno,Casado,Femenino,Empleado,1
41,300.0,Secundaria,Periferia,Bueno,Soltero,Femenino,Empleado,0
35,1604.86,Universitaria,Urbana,Bueno,Soltero,Masculino,Empleado,1
47,1254.83,Postgrado,Periferia,Bueno,Divorciado,Femenino,Empleado,1
42,2098.25,Universitaria,Rural,Bueno,Soltero,Masculino,Empleado,1
38,3439.5,Secundaria,Periferia,Malo,Soltero,Masculino,Desempleado,0
27,631.88,Secundaria,Urbana,Malo,Casado,Masculino,Desempleado,0
42,566.84,Secundaria,Periferia,Bueno,Soltero,Femenino,Empleado,1
48,2120.99,Secundaria,Urbana,Bueno,Casado,Femenino,Empleado,1
33,4457.94,Universitaria,Urbana,Bueno,Soltero,Masculino,Desempleado,1
24,1151.26,Secundaria,Urbana,Bueno,Casado,Femenino,Empleado,0
26,300.0,Secundaria,Rural,Malo,Casado,Masculino,Independiente,0
50,2115.14,Postgrado,Periferia,Regular,Soltero,Masculino,Empleado,1
62,2087.1,Universitaria,Periferia,Malo,Soltero,Masculino,Empleado,0
58,746.29,Secundaria,Rural,Regular,Casado,Masculino,Empleado,0
54,1629.99,Secundaria,Urbana,Bueno,Casado,Femenino,Empleado,1
52,1277.58,Postgrado,Urbana,Bueno,Soltero,Femenino,Independiente,1
34,1732.0,Universitaria,Periferia,Bueno,Casado,Masculino,Empleado,1
23,300.0,Postgrado,Rural,Malo,Casado,Masculino,Empleado,0
35,1506.62,Secundaria,Urbana,Bueno,Soltero,Masculino,Empleado,1
47,1951.55,Secundaria,Periferia,Malo,Divorciado,Masculino,Empleado,0
31,2446.87,Universitaria,Urbana,Bueno,Soltero,Femenino,Independiente,1
51,1544.54,Postgrado,Urbana,Malo,Casado,Femenino,Independiente,0
22,1742.85,Primaria,Urbana,Bueno,Casado,Femenino,Empleado,1
18,1874.24,Universitaria,Urbana,Bueno,Casado,Femenino,Independiente,1
47,1016.37,Universitaria,Urbana,Bueno,Soltero,Masculino,Independiente,0
61,1934.51,Universitaria,Urbana,Bueno,Casado,Masculino,Empleado,1
29,2451.53,Secundaria,Urbana,Bueno,Casado,Femenino,Empleado,1
32,2567.89,Universitaria,Urbana,Malo,Divorciado,Femenino,Empleado,0
18,3151.36,Universitaria,Urbana,Regular,Soltero,Masculino,Empleado,1
23,959.59,Universitaria,Urbana,Malo,Soltero,Masculino,Independiente,0
44,2010.71,Postgrado,Rural,Regular,Soltero,Masculino,Empleado,1
43,3845.92,Secundaria,Rural,Regular,Casado,Masculino,Independiente,1
26,1422.74,Secundaria,Periferia,Bueno,Casado,Masculino,Independiente,0
26,3046.8,Universitaria,Urbana,Bueno,Soltero,Femenino,Independiente,1
46,2357.7,Postgrado,Rural,Regular,Casado,Femenino,Empleado,0
35,1851.12,Secundaria,Rural,Malo,Soltero,Masculino,Empleado,0
46,4278.13,Secundaria,Periferia,Bueno,Soltero,Femenino,Empleado,1
25,2657.23,Secundaria,Urbana,Bueno,Casado,Femenino,Empleado,0
35,3796.95,Secundaria,Periferia,Malo,Casado,Femenino,Empleado,0
64,1886.03,Universitaria,Urbana,Regular,Soltero,Femenino,Independiente,1
22,2511.4,Secundaria,Urbana,Bueno,Soltero,Masculino,Empleado,1
46,1105.03,Primaria,Urbana,Bueno,Casado,Masculino,Empleado,1
29,2636.92,Postgrado,Periferia,Malo,Casado,Masculino,Empleado,0
48,3126.44,Universitaria,Urbana,Bueno,Casado,Femenino,Independiente,1
56,2817.03,Universitaria,Urbana,Bueno,Soltero,Masculino,Empleado,1
64,2457.82,Universitaria,Periferia,Bueno,Soltero,Masculino,Desempleado,1
56,1649.72,Secundaria,Urbana,Bueno,Soltero,Masculino,Empleado,1
43,300.0,Universitaria,Rural,Bueno,Casado,Masculino,Independiente,0
55,2051.79,Secundaria,Periferia,Bueno,Soltero,Masculino,Empleado,1
33,1119.03,Secundaria,Rural,Bueno,Soltero,Masculino,Empleado,0
19,3513.67,Secundaria,Urbana,Regular,Casado,Masculino,Independiente,1
18,1745.37,Primaria,Periferia,Malo,Casado,Femenino,Empleado,0
63,2147.56,Secundaria,Urbana,Bueno,Soltero,Femenino,Empleado,1
63,3637.77,Universitaria,Periferia,Bueno,Divorciado,Masculino,Empleado,1
25,2201.79,Universitaria,Rural,Bueno,Divorciado,Femenino,Desempleado,1
32,2370.69,Universitaria,Urbana,Bueno,Casado,Masculino,Independiente,1
48,606.56,Universitaria,Urbana,Bueno,Soltero,Femenino,Independiente,0
40,1981.67,Secundaria,Periferia,Malo,Casado,Masculino,Empleado,0
39,2166.69,Universitaria,Rural,Malo,Soltero,Femenino,Independiente,1
25,1164.96,Universitaria,Urbana,Malo,Soltero,Femenino,Empleado,0
52,2164.12,Secundaria,Urbana,Bueno,Casado,Femenino,Empleado,1
25,2525.03,Universitaria,Rural,Bueno,Casado,Masculino,Empleado,1
18,2961.17,Universitaria,Periferia,Bueno,Soltero,Femenino,Independiente,1
31,2211.11,Secundaria,Urbana,Malo,Soltero,Femenino,Independiente,0
21,2831.46,Secundaria,Urbana,Malo,Casado,Masculino,Empleado,0
60,2790.1,Postgrado,Urbana,Bueno,Soltero,Femenino,Empleado,1
62,1830.0,Postgrado,Periferia,Bueno,Soltero,Femenino,Empleado,0
59,4969.02,Universitaria,Urbana,Bueno,Casado,Masculino,Empleado,1
60,2656.76,Secundaria,Urbana,Regular,Casado,Femenino,Empleado,1
58,300.0,Primaria,Rural,Regular,Soltero,Femenino,Empleado,0
27,2973.05,Secundaria,Urbana,Bueno,Casado,Femenino,Desempleado,1
18,980.79,Universitaria,Urbana,Malo,Casado,Masculino,Empleado,0
63,3437.78,Secundaria,Urbana,Bueno,Casado,Masculino,Empleado,1
57,1732.05,Universitaria,Urbana,Regular,Casado,Femenino,Empleado,1
54,1253.45,Primaria,Periferia,Malo,Soltero,Masculino,Empleado,0
63,2290.92,Postgrado,Urbana,Bueno,Divorciado,Masculino,Independiente,1
43,2255.09,Secundaria,Urbana,Bueno,Soltero,Femenino,Desempleado,1
39,1588.06,Universitaria,Rural,Malo,Soltero,Masculino,Empleado,0
28,2403.82,Universitaria,Urbana,Bueno,Soltero,Femenino,Independiente,1
57,2358.51,Secundaria,Urbana,Bueno,Casado,Masculino,Empleado,1
28,1756.51,Secundaria,Urbana,Regular,Soltero,Masculino,Empleado,0
34,3260.11,Postgrado,Urbana,Regular,Casado,Femenino,Desempleado,1
64,1673.28,Secundaria,Rural,Malo,Casado,Masculino,Empleado,0
48,1475.05,Universitaria,Periferia,Bueno,Casado,Masculino,Empleado,1
54,1643.99,Secundaria,Urbana,Bueno,Soltero,Femenino,Independiente,1
54,2445.1,Universitaria,Urbana,Bueno,Casado,Masculino,Desempleado,1
19,1233.58,Universitaria,Periferia,Bueno,Casado,Femenino,Empleado,0
37,2292.11,Secundaria,Urbana,Bueno,Casado,Femenino,Independiente,1
23,2101.13,Secundaria,Periferia,Regular,Soltero,Femenino,Independiente,0
51,1589.02,Secundaria,Urbana,Regular,Divorciado,Masculino,Empleado,1
23,3273.55,Universitaria,Urbana,Regular,Casado,Masculino,Empleado,1
47,1582.35,Universitaria,Rural,Bueno,Soltero,Femenino,Independiente,1
21,1980.42,Universitaria,Periferia,Bueno,Soltero,Femenino,Empleado,1
22,3073.79,Secundaria,Rural,Malo,Soltero,Femenino,Empleado,0
46,1489.74,Secundaria,Urbana,Bueno,Casado,Masculino,Independiente,1
25,1954.92,Postgrado,Urbana,Bueno,Casado,Masculino,Empleado,1
63,901.32,Secundaria,Urbana,Bueno,Casado,Masculino,Empleado,0
58,1547.86,Primaria,Urbana,Malo,Casado,Masculino,Empleado,0
57,322.06,Postgrado,Periferia,Bueno,Soltero,Masculino,Empleado,1
49,1793.06,Universitaria,Urbana,Regular,Casado,Femenino,Empleado,1
55,1166.4,Universitaria,Periferia,Bueno,Casado,Femenino,Independiente,0
45,2514.01,Postgrado,Periferia,Bueno,Divorciado,Femenino,Independiente,0
48,2982.18,Primaria,Periferia,Regular,Casado,Masculino,Empleado,1
37,2421.09,Postgrado,Rural,Bueno,Soltero,Masculino,Empleado,1
23,1772.17,Secundaria,Periferia,Bueno,Soltero,Masculino,Independiente,0
38,2182.84,Postgrado,Urbana,Bueno,Casado,Femenino,Empleado,1
30,2159.01,Secundaria,Urbana,Regular,Casado,Femenino,Empleado,1
58,2659.48,Postgrado,Rural,Bueno,Divorciado,Femenino,Independiente,1
33,1800.31,Secundaria,Rural,Malo,Casado,Femenino,Independiente,0
62,1993.55,Universitaria,Periferia,Bueno,Casado,Femenino,Empleado,0
31,1493.4,Secundaria,Urbana,Regular,Soltero,Femenino,Empleado,1
25,2098.52,Primaria,Urbana,Bueno,Divorciado,Femenino,Empleado,1
24,2842.42,Postgrado,Periferia,Regular,Soltero,Masculino,Independiente,0
58,495.65,Universitaria,Urbana,Regular,Soltero,Masculino,Empleado,1
49,2547.72,Primaria,Periferia,Malo,Casado,Masculino,Empleado,0
35,2292.3,Universitaria,Urbana,Bueno,Casado,Masculino,Empleado,1
49,530.05,Postgrado,Periferia,Bueno,Soltero,Femenino,Desempleado,0
43,1850.27,Secundaria,Urbana,Bueno,Divorciado,Masculino,Desempleado,1
54,719.6,Postgrado,Periferia,Bueno,Casado,Masculino,Desempleado,1
41,1138.96,Primaria,Urbana,Malo,Casado,Femenino,Empleado,0
58,3457.35,Universitaria,Urbana,Bueno,Soltero,Femenino,Empleado,1
61,2264.58,Secundaria,Periferia,Regular,Soltero,Femenino,Empleado,1
46,1226.89,Secundaria,Periferia,Regular,Soltero,Femenino,Desempleado,1
48,2521.41,Postgrado,Urbana,Malo,Casado,Femenino,Empleado,1
45,861.3,Universitaria,Urbana,Regular,Casado,Femenino,Independiente,1
52,1301.86,Secundaria,Urbana,Bueno,Divorciado,Masculino,Desempleado,0
28,1851.89,Universitaria,Periferia,Bueno,Divorciado,Femenino,Desempleado,0
33,2837.49,Secundaria,Urbana,Bueno,Soltero,Femenino,Empleado,1
59,1194.2,Secundaria,Rural,Regular,Soltero,Masculino,Independiente,1
20,1505.87,Universitaria,Rural,Bueno,Casado,Masculino,Empleado,1
56,2737.89,Secundaria,Urbana,Bueno,Casado,Masculino,Independiente,1
33,2472.97,Universitaria,Urbana,Regular,Casado,Masculino,Independiente,1
31,1693.15,Secundaria,Urbana,Bueno,Soltero,Femenino,Independiente,0
52,1412.46,Universitaria,Urbana,Bueno,Soltero,Masculino,Independiente,1
48,2416.2,Postgrado,Rural,Bueno,Soltero,Femenino,Empleado,1
32,1201.16,Postgrado,Urbana,Regular,Casado,Masculino,Empleado,1
51,2500.48,Secundaria,Rural,Bueno,Casado,Femenino,Empleado,1
33,2242.37,Secundaria,Rural,Bueno,Soltero,Masculino,Empleado,0
21,531.27,Universitaria,Urbana,Bueno,Soltero,Femenino,Independiente,1
54,300.0,Secundaria,Urbana,Bueno,Casado,Masculino,Empleado,1
24,1884.98,Universitaria,Periferia,Bueno,Casado,Masculino,Independiente,1
48,1705.67,Secundaria,Periferia,Regular,Casado,Femenino,Empleado,0
55,2105.44,Universitaria,Urbana,Bueno,Casado,Femenino,Independiente,1
20,2738.91,Secundaria,Rural,Regular,Casado,Femenino,Desempleado,1
54,3476.86,Postgrado,Periferia,Malo,Casado,Femenino,Independiente,0
42,558.18,Universitaria,Rural,Malo,Divorciado,Masculino,Independiente,0
22,2456.0,Universitaria,Urbana,Malo,Soltero,Femenino,Empleado,1
23,1866.87,Universitaria,Urbana,Regular,Soltero,Masculino,Independiente,0
59,2754.61,Primaria,Urbana,Regular,Casado,Femenino,Empleado,1
44,300.0,Secundaria,Urbana,Regular,Casado,Masculino,Independiente,0
49,2523.38,Secundaria,Urbana,Regular,Casado,Masculino,Empleado,1
39,1421.31,Universitaria,Urbana,Regular,Casado,Femenino,Empleado,0
20,977.47,Postgrado,Urbana,Bueno,Divorciado,Masculino,Empleado,0
46,1171.79,Secundaria,Urbana,Regular,Casado,Femenino,Desempleado,0
53,2395.6,Secundaria,Rural,Bueno,Soltero,Femenino,Independiente,1
24,1519.55,Universitaria,Urbana,Regular,Soltero,Femenino,Empleado,0
59,1790.81,Secundaria,Rural,Bueno,Casado,Masculino,Desempleado,1
22,1209.23,Postgrado,Urbana,Bueno,Soltero,Femenino,Independiente,0
41,763.59,Secundaria,Rural,Bueno,Soltero,Masculino,Independiente,0
46,2419.45,Primaria,Rural,Bueno,Soltero,Masculino,Independiente,1
44,2727.4,Primaria,Urbana,Bueno,Casado,Masculino,Independiente,1
61,2986.99,Secundaria,Urbana,Bueno,Soltero,Masculino,Empleado,1
56,2923.57,Secundaria,Urbana,Bueno,Soltero,Femenino,Empleado,1
34,3968.27,Primaria,Urbana,Bueno,Soltero,Masculino,Independiente,1
41,2807.62,Secundaria,Urbana,Bueno,Soltero,Masculino,Desempleado,1
35,1277.59,Postgrado,Periferia,Bueno,Casado,Masculino,Empleado,0
26,2408.76,Secundaria,Urbana,Bueno,Divorciado,Femenino,Desempleado,0
41,2865.01,Universitaria,Urbana,Regular,Casado,Femenino,Empleado,1
24,2854.26,Universitaria,Urbana,Regular,Soltero,Masculino,Empleado,1
26,1117.11,Postgrado,Urbana,Regular,Casado,Femenino,Desempleado,0
33,3313.01,Universitaria,Urbana,Bueno,Casado,Masculino,Empleado,1
19,1935.3,Primaria,Rural,Bueno,Casado,Masculino,Empleado,1
34,1676.18,Secundaria,Rural,Bueno,Casado,Femenino,Independiente,0
26,2261.29,Secundaria,Urbana,Bueno,Soltero,Masculino,Independiente,1
47,2135.86,Universitaria,Periferia,Malo,Casado,Femenino,Empleado,0
39,2329.63,Secundaria,Urbana,Regular,Casado,Masculino,Empleado,1
36,2055.21,Secundaria,Urbana,Bueno,Casado,Masculino,Empleado,1
50,3254.66,Universitaria,Urbana,Regular,Soltero,Masculino,Independiente,1
22,2552.06,Secundaria,Urbana,Bueno,Casado,Femenino,Empleado,1
20,1679.89,Secundaria,Urbana,Bueno,Casado,Femenino,Empleado,0
27,3783.35,Secundaria,Rural,Malo,Divorciado,Masculino,Empleado,1
43,1235.59,Secundaria,Urbana,Regular,Casado,Femenino,Empleado,1
35,4295.99,Universitaria,Urbana,Bueno,Casado,Masculino,Independiente,1
59,1495.71,Universitaria,Periferia,Bueno,Soltero,Femenino,Empleado,1
42,2452.97,Universitaria,Rural,Bueno,Soltero,Masculino,Empleado,1
30,3149.99,Universitaria,Urbana,Bueno,Soltero,Masculino,Empleado,1
35,2548.72,Postgrado,Rural,Regular,Soltero,Femenino,Independiente,0
22,1777.99,Secundaria,Periferia,Bueno,Soltero,Femenino,Independiente,0
56,1944.76,Secundaria,Urbana,Bueno,Soltero,Femenino,Empleado,1
39,1501.9,Universitaria,Urbana,Bueno,Casado,Masculino,Empleado,1
19,479.0,Secundaria,Periferia,Bueno,Soltero,Masculino,Empleado,0
41,622.95,Universitaria,Rural,Malo,Soltero,Femenino,Empleado,0
37,622.82,Secundaria,Urbana,Bueno,Soltero,Masculino,Empleado,0
52,300.0,Primaria,Urbana,Regular,Casado,Masculino,Empleado,1
20,1688.38,Primaria,Urbana,Bueno,Casado,Masculino,Empleado,1
19,1043.06,Universitaria,Urbana,Regular,Soltero,Masculino,Independiente,1
30,2641.97,Primaria,Urbana,Bueno,Soltero,Femenino,Empleado,1
25,1835.65,Postgrado,Urbana,Malo,Soltero,Masculino,Empleado,0
62,1891.33,Secundaria,Urbana,Regular,Soltero,Femenino,Empleado,1
44,1250.39,Universitaria,Rural,Bueno,Casado,Masculino,Empleado,0
38,1043.6,Universitaria,Urbana,Bueno,Casado,Femenino,Empleado,0
40,2831.07,Secundaria,Urbana,Bueno,Soltero,Masculino,Empleado,0
32,1528.73,Secundaria,Urbana,Regular,Divorciado,Femenino,Independiente,0
53,2449.04,Universitaria,Urbana,Regular,Soltero,Masculino,Independiente,1
29,2755.16,Universitaria,Urbana,Bueno,Soltero,Masculino,Independiente,1
32,1715.57,Secundaria,Periferia,Regular,Soltero,Masculino,Empleado,1
47,2209.02,Secundaria,Urbana,Regular,Soltero,Femenino,Empleado,1
32,2938.51,Postgrado,Urbana,Regular,Casado,Femenino,Desempleado,1
41,2590.15,Primaria,Rural,Bueno,Casado,Femenino,Desempleado,1
61,1718.56,Secundaria,Urbana,Bueno,Casado,Masculino,Empleado,1
58,3689.33,Secundaria,Urbana,Regular,Casado,Femenino,Empleado,1
24,799.8,Postgrado,Urbana,Malo,Casado,Femenino,Empleado,0
31,2654.08,Secundaria,Urbana,Regular,Soltero,Masculino,Empleado,1
56,804.46,Primaria,Urbana,Regular,Soltero,Femenino,Empleado,0
59,1117.75,Secundaria,Periferia,Bueno,Casado,Femenino,Independiente,0
42,2379.06,Primaria,Urbana,Bueno,Soltero,Masculino,Empleado,1
60,799.91,Secundaria,Urbana,Malo,Divorciado,Masculino,Empleado,1
40,2008.93,Primaria,Urbana,Regular,Divorciado,Femenino,Empleado,1
62,1892.35,Universitaria,Periferia,Regular,Soltero,Femenino,Empleado,1
40,3001.64,Postgrado,Urbana,Malo,Casado,Masculino,Empleado,1
31,533.05,Postgrado,Rural,Malo,Soltero,Femenino,Empleado,0
30,2155.29,Primaria,Periferia,Regular,Soltero,Femenino,Independiente,0
54,2275.44,Universitaria,Urbana,Bueno,Divorciado,Masculino,Empleado,1
40,724.12,Primaria,Rural,Regular,Casado,Femenino,Empleado,0
44,743.98,Universitaria,Urbana,Bueno,Soltero,Masculino,Independiente,1
43,1016.96,Secundaria,Urbana,Bueno,Casado,Masculino,Empleado,1
38,967.59,Universitaria,Periferia,Regular,Soltero,Masculino,Empleado,0
51,1738.5,Universitaria,Urbana,Regular,Casado,Femenino,Empleado,1
55,473.1,Secundaria,Urbana,Regular,Soltero,Femenino,Independiente,1
61,1600.79,Universitaria,Urbana,Bueno,Divorciado,Femenino,Empleado,1
60,2404.99,Postgrado,Urbana,Malo,Soltero,Masculino,Desempleado,1
54,3495.37,Universitaria,Urbana,Malo,Soltero,Masculino,Empleado,1
49,2488.69,Secundaria,Periferia,Malo,Soltero,Masculino,Empleado,0
61,1450.87,Secundaria,Urbana,Malo,Casado,Femenino,Empleado,0
46,1363.65,Postgrado,Periferia,Bueno,Soltero,Femenino,Empleado,0
50,1930.64,Secundaria,Urbana,Regular,Divorciado,Femenino,Empleado,1
63,1599.36,Universitaria,Periferia,Regular,Divorciado,Masculino,Empleado,1
26,2718.4,Universitaria,Urbana,Bueno,Casado,Masculino,Independiente,1
42,1121.32,Secundaria,Urbana,Malo,Casado,Femenino,Empleado,0
28,3363.84,Secundaria,Rural,Bueno,Soltero,Masculino,Empleado,1
42,1683.38,Secundaria,Urbana,Bueno,Soltero,Femenino,Empleado,1
28,2561.12,Universitaria,Rural,Bueno,Divorciado,Femenino,Independiente,1
25,1943.0,Secundaria,Urbana,Bueno,Casado,Masculino,Empleado,1
26,3620.29,Secundaria,Periferia,Regular,Casado,Femenino,Independiente,0
63,1064.13,Secundaria,Periferia,Bueno,Soltero,Femenino,Empleado,1
49,708.92,Secundaria,Urbana,Bueno,Casado,Masculino,Empleado,0
53,2146.89,Secundaria,Urbana,Bueno,Casado,Femenino,Desempleado,1
27,827.83,Universitaria,Periferia,Malo,Soltero,Femenino,Empleado,0
18,1839.28,Universitaria,Urbana,Malo,Casado,Masculino,Empleado,0
28,300.0,Universitaria,Urbana,Bueno,Casado,Femenino,Empleado,0
50,2143.66,Postgrado,Urbana,Malo,Divorciado,Femenino,Independiente,0
40,2915.45,Secundaria,Urbana,Bueno,Divorciado,Masculino,Empleado,1
25,1633.35,Secundaria,Urbana,Bueno,Divorciado,Masculino,Independiente,1
46,2488.14,Secundaria,Rural,Bueno,Casado,Femenino,Empleado,1
34,2830.94,Secundaria,Urbana,Bueno,Casado,Masculino,Empleado,1
39,1788.89,Secundaria,Urbana,Bueno,Soltero,Masculino,Independiente,1
61,1377.39,Universitaria,Periferia,Regular,Casado,Femenino,Empleado,1
38,2058.08,Universitaria,Urbana,Bueno,Soltero,Femenino,Empleado,1
52,300.0,Postgrado,Urbana,Regular,Casado,Masculino,Independiente,0
53,1492.44,Secundaria,Periferia,Bueno,Casado,Masculino,Empleado,0
28,3721.55,Postgrado,Periferia,Bueno,Soltero,Masculino,Desempleado,1
53,1821.34,Universitaria,Urbana,Bueno,Soltero,Femenino,Empleado,1
29,1568.77,Postgrado,Periferia,Bueno,Casado,Femenino,Independiente,1
52,1710.78,Universitaria,Rural,Regular,Soltero,Femenino,Empleado,0
40,434.09,Secundaria,Periferia,Bueno,Soltero,Femenino,Desempleado,0
52,1066.9,Secundaria,Urbana,Bueno,Soltero,Masculino,Independiente,1
26,1778.39,Primaria,Rural,Malo,Soltero,Femenino,Empleado,0
22,2678.69,Secundaria,Rural,Bueno,Casado,Masculino,Empleado,0
34,2187.45,Secundaria,Periferia,Bueno,Soltero,Femenino,Empleado,1
46,2783.8,Secundaria,Periferia,Regular,Casado,Femenino,Empleado,1
37,1672.01,Postgrado,Urbana,Bueno,Soltero,Femenino,Empleado,1
51,1412.33,Secundaria,Urbana,Bueno,Casado,Femenino,Empleado,1
22,3625.9,Secundaria,Urbana,Bueno,Soltero,Masculino,Empleado,1
62,2096.88,Postgrado,Urbana,Regular,Casado,Masculino,Empleado,1
24,2438.78,Universitaria,Periferia,Bueno,Casado,Femenino,Empleado,1
49,754.97,Primaria,Urbana,Bueno,Casado,Femenino,Independiente,1
51,1081.75,Postgrado,Urbana,Bueno,Casado,Masculino,Independiente,1
25,2844.3,Universitaria,Urbana,Malo,Divorciado,Femenino,Empleado,0
48,2114.37,Universitaria,Urbana,Regular,Casado,Femenino,Independiente,0
54,300.0,Secundaria,Rural,Bueno,Soltero,Masculino,Empleado,1
28,1220.06,Secundaria,Urbana,Bueno,Casado,Femenino,Desempleado,0
28,3392.25,Universitaria,Urbana,Bueno,Divorciado,Masculino,Empleado,1
27,300.0,Universitaria,Urbana,Bueno,Casado,Femenino,Desempleado,1
36,300.0,Secundaria,Periferia,Regular,Soltero,Masculino,Empleado,0
31,3702.22,Secundaria,Urbana,Bueno,Casado,Femenino,Desempleado,1
42,3706.43,Primaria,Urbana,Bueno,Divorciado,Masculino,Empleado,1
58,300.0,Universitaria,Rural,Malo,Soltero,Masculino,Empleado,0
19,1652.98,Universitaria,Periferia,Bueno,Casado,Masculino,Empleado,0
20,1026.26,Universitaria,Urbana,Regular,Casado,Masculino,Empleado,0
30,4746.34,Universitaria,Rural,Bueno,Casado,Femenino,Empleado,1
26,2389.36,Universitaria,Rural,Bueno,Casado,Femenino,Independiente,1
35,1762.8,Secundaria,Urbana,Bueno,Soltero,Femenino,Empleado,0
27,2098.79,Secundaria,Urbana,Bueno,Casado,Masculino,Independiente,1
29,2400.08,Secundaria,Urbana,Regular,Divorciado,Masculino,Empleado,1
45,1308.87,Universitaria,Urbana,Malo,Soltero,Masculino,Empleado,0
25,3239.67,Secundaria,Urbana,Regular,Casado,Masculino,Empleado,1
26,2153.69,Postgrado,Urbana,Regular,Casado,Masculino,Empleado,0
43,1563.13,Postgrado,Urbana,Regular,Soltero,Femenino,Empleado,0
26,300.0,Primaria,Urbana,Bueno,Soltero,Masculino,Independiente,0
32,1753.73,Secundaria,Periferia,Regular,Soltero,Masculino,Desempleado,0
46,2230.87,Secundaria,Urbana,Regular,Casado,Femenino,Empleado,1
64,3400.67,Secundaria,Periferia,Bueno,Casado,Masculino,Empleado,1
61,4116.45,Universitaria,Urbana,Regular,Casado,Femenino,Empleado,1
22,2502.58,Universitaria,Periferia,Regular,Soltero,Masculino,Empleado,1
34,3053.8,Secundaria,Rural,Regular,Divorciado,Femenino,Empleado,0
51,3269.66,Secundaria,Urbana,Bueno,Divorciado,Masculino,Empleado,1
42,3124.69,Secundaria,Urbana,Regular,Casado,Femenino,Empleado,1
58,1858.72,Universitaria,Urbana,Bueno,Divorciado,Masculino,Desempleado,1
60,2670.74,Postgrado,Urbana,Bueno,Casado,Masculino,Empleado,1
61,2070.8,Secundaria,Periferia,Bueno,Casado,Masculino,Desempleado,0
18,2271.41,Postgrado,Urbana,Malo,Casado,Masculino,Independiente,0
33,1778.54,Primaria,Urbana,Regular,Casado,Masculino,Empleado,0
46,300.0,Universitaria,Urbana,Regular,Casado,Femenino,Independiente,0
19,2004.41,Postgrado,Periferia,Bueno,Soltero,Femenino,Desempleado,1
47,1822.54,Universitaria,Urbana,Regular,Casado,Femenino,Empleado,1
31,2025.87,Secundaria,Urbana,Bueno,Casado,Masculino,Empleado,1
43,2104.24,Secundaria,Rural,Bueno,Soltero,Masculino,Empleado,1
43,3943.68,Secundaria,Urbana,Bueno,Soltero,Femenino,Empleado,1
56,1293.67,Secundaria,Rural,Malo,Casado,Femenino,Empleado,0
32,1730.5,Universitaria,Rural,Malo,Casado,Femenino,Empleado,0
19,1038.25,Secundaria,Rural,Bueno,Casado,Femenino,Empleado,0
52,3164.32,Secundaria,Urbana,Regular,Casado,Masculino,Empleado,1
25,2025.95,Universitaria,Periferia,Regular,Casado,Femenino,Desempleado,1
40,2946.98,Secundaria,Rural,Bueno,Soltero,Masculino,Independiente,1
37,3067.91,Universitaria,Rural,Malo,Casado,Femenino,Independiente,1
58,1879.31,Universitaria,Periferia,Bueno,Soltero,Femenino,Empleado,1
40,2409.13,Universitaria,Urbana,Regular,Casado,Femenino,Empleado,1
42,2700.25,Primaria,Periferia,Regular,Soltero,Masculino,Empleado,1
48,1424.02,Primaria,Urbana,Regular,Divorciado,Femenino,Empleado,0
63,1317.95,Universitaria,Urbana,Bueno,Casado,Femenino,Independiente,1
54,2721.25,Secundaria,Urbana,Regular,Casado,Femenino,Empleado,1
49,2118.24,Secundaria,Periferia,Malo,Casado,Femenino,Independiente,0
36,2374.76,Universitaria,Urbana,Bueno,Soltero,Femenino,Independiente,1
48,2500.13,Secundaria,Urbana,Bueno,Divorciado,Masculino,Empleado,1
34,1835.38,Secundaria,Urbana,Malo,Casado,Femenino,Independiente,0
33,1832.7,Postgrado,Urbana,Bueno,Soltero,Femenino,Independiente,0
50,2182.12,Secundaria,Urbana,Malo,Soltero,Masculino,Empleado,0
19,2533.83,Secundaria,Urbana,Bueno,Soltero,Femenino,Empleado,1
64,1187.4,Secundaria,Urbana,Regular,Casado,Femenino,Independiente,1
49,3780.48,Universitaria,Urbana,Bueno,Soltero,Masculino,Desempleado,1
20,2162.53,Universitaria,Urbana,Bueno,Casado,Femenino,Independiente,0
60,1559.14,Universitaria,Rural,Malo,Soltero,Masculino,Empleado,0
38,2792.02,Secundaria,Urbana,Bueno,Soltero,Masculino,Empleado,1
18,2496.99,Secundaria,Urbana,Bueno,Casado,Masculino,Empleado,1
36,1856.67,Primaria,Urbana,Bueno,Casado,Masculino,Empleado,1
25,587.49,Postgrado,Urbana,Malo,Soltero,Masculino,Empleado,0
52,2526.43,Secundaria,Rural,Bueno,Soltero,Masculino,Empleado,1
48,2103.56,Secundaria,Urbana,Regular,Casado,Masculino,Independiente,1
36,2310.84,Postgrado,Periferia,Malo,Casado,Masculino,Empleado,0
51,2403.77,Universitaria,Urbana,Regular,Soltero,Femenino,Empleado,1
47,2982.06,Universitaria,Urbana,Bueno,Casado,Femenino,Independiente,1
59,1396.91,Secundaria,Rural,Bueno,Casado,Femenino,Empleado,1
26,494.17,Secundaria,Urbana,Bueno,Soltero,Femenino,Independiente,0
49,300.0,Universitaria,Urbana,Bueno,Casado,Masculino,Independiente,0
38,3419.22,Postgrado,Periferia,Regular,Soltero,Femenino,Independiente,1
49,2498.47,Secundaria,Urbana,Bueno,Soltero,Femenino,Empleado,1
49,2521.58,Universitaria,Periferia,Bueno,Soltero,Femenino,Desempleado,1
50,2699.53,Universitaria,Urbana,Malo,Casado,Femenino,Empleado,1
53,1387.01,Universitaria,Rural,Malo,Casado,Masculino,Desempleado,0
34,2192.97,Secundaria,Urbana,Bueno,Casado,Masculino,Empleado,1
64,2305.69,Primaria,Urbana,Regular,Casado,Masculino,Empleado,0
30,1348.44,Postgrado,Urbana,Bueno,Soltero,Masculino,Independiente,0
35,1420.85,Postgrado,Periferia,Bueno,Casado,Masculino,Empleado,1
58,1612.9,Secundaria,Periferia,Bueno,Soltero,Femenino,Independiente,1
26,880.16,Primaria,Rural,Regular,Soltero,Femenino,Empleado,0
53,1010.17,Universitaria,Urbana,Bueno,Soltero,Masculino,Empleado,1
26,1799.6,Universitaria,Periferia,Bueno,Casado,Masculino,Independiente,1
56,2307.6,Postgrado,Periferia,Bueno,Casado,Femenino,Empleado,1
64,2115.23,Secundaria,Urbana,Malo,Casado,Masculino,Empleado,1
18,2024.72,Postgrado,Urbana,Malo,Casado,Masculino,Independiente,0
45,300.0,Secundaria,Urbana,Regular,Casado,Masculino,Independiente,1
22,300.0,Postgrado,Rural,Bueno,Soltero,Masculino,Empleado,0
52,1226.81,Secundaria,Rural,Bueno,Soltero,Masculino,Independiente,1
28,2605.66,Primaria,Rural,Malo,Divorciado,Masculino,Independiente,0
43,433.42,Universitaria,Urbana,Bueno,Divorciado,Masculino,Independiente,0
33,979.25,Secundaria,Urbana,Bueno,Soltero,Femenino,Empleado,0
24,300.0,Universitaria,Periferia,Bueno,Casado,Femenino,Independiente,0
46,920.54,Primaria,Rural,Bueno,Casado,Masculino,Desempleado,1
46,1823.82,Universitaria,Urbana,Bueno,Casado,Femenino,Empleado,1
49,2412.15,Universitaria,Periferia,Bueno,Soltero,Femenino,Desempleado,1
37,2687.49,Universitaria,Rural,Bueno,Casado,Femenino,Desempleado,1
33,2955.77,Postgrado,Urbana,Bueno,Soltero,Femenino,Empleado,1
49,2092.25,Universitaria,Urbana,Bueno,Casado,Femenino,Empleado,1
27,2880.41,Universitaria,Urbana,Malo,Divorciado,Masculino,Independiente,0
50,2748.95,Primaria,Urbana,Bueno,Casado,Masculino,Empleado,1
21,2461.66,Secundaria,Periferia,Bueno,Soltero,Masculino,Independiente,1
50,960.36,Secundaria,Urbana,Bueno,Divorciado,Masculino,Empleado,1
34,1779.03,Primaria,Urbana,Bueno,Soltero,Masculino,Independiente,1
20,2261.2,Universitaria,Rural,Bueno,Soltero,Femenino,Empleado,1
20,2058.07,Secundaria,Urbana,Malo,Divorciado,Masculino,Independiente,0
41,2088.92,Postgrado,Urbana,Malo,Divorciado,Femenino,Empleado,1
20,2462.33,Universitaria,Urbana,Regular,Casado,Masculino,Empleado,1
27,3377.01,Universitaria,Rural,Bueno,Soltero,Femenino,Empleado,1
50,1628.56,Secundaria,Urbana,Bueno,Divorciado,Masculino,Independiente,1
20,559.23,Universitaria,Urbana,Bueno,Soltero,Masculino,Independiente,1
58,1617.74,Postgrado,Urbana,Malo,Soltero,Masculino,Empleado,0
25,2022.52,Secundaria,Urbana,Bueno,Casado,Masculino,Empleado,1
24,3295.96,Universitaria,Rural,Malo,Casado,Masculino,Empleado,0
24,1692.15,Secundaria,Periferia,Bueno,Casado,Femenino,Empleado,0
18,2835.91,Secundaria,Urbana,Bueno,Soltero,Femenino,Empleado,1
63,2352.93,Universitaria,Urbana,Bueno,Casado,Masculino,Empleado,1
47,2027.06,Secundaria,Urbana,Bueno,Soltero,Masculino,Empleado,1
43,1086.36,Universitaria,Periferia,Bueno,Soltero,Masculino,Independiente,0
49,1204.9,Primaria,Urbana,Regular,Casado,Femenino,Desempleado,0
43,300.0,Primaria,Rural,Bueno,Casado,Masculino,Desempleado,0
46,2707.23,Secundaria,Periferia,Bueno,Casado,Femenino,Empleado,1
56,3060.76,Secundaria,Urbana,Malo,Casado,Femenino,Independiente,1
37,4351.14,Universitaria,Urbana,Malo,Soltero,Femenino,Empleado,1
24,727.84,Secundaria,Urbana,Regular,Divorciado,Femenino,Empleado,0
20,1484.14,Secundaria,Urbana,Regular,Casado,Masculino,Empleado,0
28,2259.22,Universitaria,Rural,Bueno,Casado,Masculino,Independiente,1
20,2281.82,Universitaria,Rural,Bueno,Casado,Femenino,Empleado,1
22,2360.01,Secundaria,Urbana,Bueno,Casado,Masculino,Empleado,0
21,3041.33,Universitaria,Rural,Bueno,Casado,Femenino,Empleado,1
38,897.59,Postgrado,Periferia,Regular,Casado,Masculino,Empleado,0
20,1012.17,Universitaria,Urbana,Bueno,Soltero,Masculino,Independiente,0
26,4972.22,Secundaria,Periferia,Bueno,Casado,Femenino,Empleado,1
49,4146.16,Secundaria,Urbana,Bueno,Casado,Masculino,Empleado,1
29,4775.91,Secundaria,Urbana,Bueno,Soltero,Masculino,Empleado,1
40,4032.63,Universitaria,Periferia,Bueno,Soltero,Masculino,Empleado,1
34,3137.44,Universitaria,Periferia,Malo,Divorciado,Femenino,Empleado,1
24,1416.12,Universitaria,Urbana,Regular,Casado,Masculino,Desempleado,0
63,1718.43,Secundaria,Urbana,Bueno,Soltero,Femenino,Independiente,1
39,1914.93,Universitaria,Urbana,Bueno,Casado,Masculino,Empleado,1
35,2191.47,Secundaria,Rural,Regular,Casado,Femenino,Empleado,1
38,1481.29,Secundaria,Rural,Bueno,Casado,Femenino,Empleado,0
31,2123.05,Secundaria,Urbana,Bueno,Soltero,Femenino,Desempleado,1
26,1769.36,Postgrado,Urbana,Malo,Casado,Masculino,Empleado,0
64,3614.58,Secundaria,Rural,Bueno,Divorciado,Masculino,Empleado,1
26,2752.09,Universitaria,Rural,Malo,Casado,Femenino,Empleado,1
19,2426.64,Universitaria,Urbana,Bueno,Casado,Femenino,Empleado,1
62,2036.46,Postgrado,Urbana,Regular,Casado,Masculino,Independiente,1
63,3639.0,Universitaria,Urbana,Bueno,Casado,Femenino,Independiente,1
30,2283.68,Universitaria,Urbana,Malo,Casado,Masculino,Empleado,0
30,1421.74,Universitaria,Urbana,Bueno,Casado,Femenino,Empleado,1
37,1239.08,Secundaria,Urbana,Regular,Divorciado,Masculino,Empleado,0
39,2893.44,Secundaria,Urbana,Regular,Soltero,Femenino,Independiente,1
31,2346.02,Universitaria,Urbana,Bueno,Soltero,Femenino,Empleado,1
62,1514.48,Universitaria,Periferia,Regular,Casado,Femenino,Independiente,1
22,1255.54,Secundaria,Urbana,Bueno,Casado,Masculino,Empleado,0
33,300.0,Postgrado,Urbana,Bueno,Soltero,Femenino,Independiente,1
56,698.84,Universitaria,Urbana,Malo,Soltero,Masculino,Empleado,0
61,962.35,Universitaria,Urbana,Regular,Casado,Masculino,Independiente,0
35,2155.71,Universitaria,Urbana,Bueno,Casado,Masculino,Independiente,1
42,1568.46,Primaria,Urbana,Bueno,Casado,Masculino,Empleado,1
60,1265.44,Universitaria,Periferia,Malo,Soltero,Masculino,Independiente,0
33,1482.9,Universitaria,Urbana,Regular,Divorciado,Femenino,Desempleado,0
53,2208.11,Universitaria,Urbana,Regular,Casado,Femenino,Desempleado,1
34,300.0,Secundaria,Urbana,Bueno,Soltero,Femenino,Desempleado,0
30,3091.12,Postgrado,Periferia,Malo,Soltero,Femenino,Independiente,1
48,2645.57,Secundaria,Periferia,Bueno,Casado,Femenino,Independiente,1
33,1546.5,Universitaria,Urbana,Bueno,Divorciado,Masculino,Empleado,1
46,2482.3,Secundaria,Urbana,Bueno,Soltero,Masculino,Empleado,1
34,1588.0,Secundaria,Urbana,Regular,Soltero,Femenino,Empleado,0
45,1732.43,Universitaria,Urbana,Bueno,Divorciado,Femenino,Empleado,1
46,2614.34,Secundaria,Urbana,Bueno,Divorciado,Femenino,Independiente,1
39,379.45,Secundaria,Urbana,Regular,Divorciado,Femenino,Desempleado,0
58,1894.0,Primaria,Periferia,Bueno,Casado,Masculino,Empleado,1
20,2416.01,Universitaria,Rural,Bueno,Divorciado,Femenino,Empleado,1
45,2269.79,Primaria,Urbana,Malo,Divorciado,Masculino,Independiente,0
47,1939.46,Secundaria,Urbana,Bueno,Soltero,Femenino,Empleado,1
34,2552.77,Universitaria,Periferia,Regular,Casado,Masculino,Independiente,1
43,842.17,Universitaria,Periferia,Malo,Casado,Femenino,Independiente,0
46,1670.64,Universitaria,Urbana,Malo,Casado,Masculino,Independiente,1
43,481.55,Universitaria,Urbana,Regular,Casado,Femenino,Empleado,1
34,2407.61,Secundaria,Periferia,Malo,Soltero,Masculino,Empleado,0
24,1518.17,Primaria,Urbana,Bueno,Soltero,Masculino,Independiente,1
63,3613.61,Universitaria,Urbana,Bueno,Divorciado,Femenino,Empleado,1
41,1679.72,Universitaria,Urbana,Malo,Soltero,Femenino,Independiente,0
30,1688.46,Secundaria,Periferia,Regular,Casado,Femenino,Empleado,0
33,1411.66,Secundaria,Rural,Bueno,Soltero,Masculino,Empleado,1
42,2517.24,Secundaria,Rural,Bueno,Casado,Femenino,Desempleado,1
39,2393.91,Postgrado,Urbana,Malo,Casado,Femenino,Empleado,1
48,896.43,Universitaria,Urbana,Regular,Divorciado,Masculino,Empleado,1
25,4805.46,Secundaria,Urbana,Malo,Soltero,Masculino,Empleado,1
48,1873.91,Postgrado,Urbana,Bueno,Casado,Masculino,Empleado,1
42,3954.87,Primaria,Rural,Bueno,Casado,Masculino,Empleado,1
19,2170.54,Primaria,Rural,Regular,Soltero,Masculino,Independiente,0
27,300.0,Universitaria,Periferia,Bueno,Soltero,Femenino,Empleado,0
37,2960.81,Universitaria,Urbana,Regular,Casado,Masculino,Independiente,1
25,2085.91,Universitaria,Urbana,Bueno,Casado,Femenino,Empleado,1
36,1579.57,Secundaria,Urbana,Malo,Casado,Masculino,Empleado,0
56,1953.09,Postgrado,Urbana,Bueno,Soltero,Masculino,Empleado,1
22,2922.6,Secundaria,Rural,Bueno,Soltero,Masculino,Desempleado,1
46,1828.46,Secundaria,Periferia,Bueno,Soltero,Masculino,Empleado,0
41,1579.77,Postgrado,Urbana,Bueno,Soltero,Femenino,Independiente,1
60,2405.49,Secundaria,Urbana,Malo,Divorciado,Femenino,Empleado,0
56,2576.52,Secundaria,Urbana,Bueno,Soltero,Femenino,Independiente,1
28,969.89,Primaria,Urbana,Bueno,Soltero,Femenino,Empleado,0
59,470.45,Universitaria,Periferia,Regular,Casado,Femenino,Empleado,0
24,3406.2,Secundaria,Urbana,Regular,Casado,Femenino,Independiente,1
37,1165.75,Postgrado,Rural,Bueno,Soltero,Masculino,Independiente,0
57,862.56,Secundaria,Rural,Bueno,Casado,Femenino,Desempleado,0
52,2081.15,Postgrado,Urbana,Bueno,Casado,Femenino,Empleado,1
32,872.1,Universitaria,Urbana,Bueno,Casado,Masculino,Independiente,1
50,2474.23,Secundaria,Periferia,Bueno,Soltero,Femenino,Empleado,1
50,2097.49,Universitaria,Urbana,Bueno,Divorciado,Masculino,Empleado,1
54,2151.05,Universitaria,Urbana,Regular,Soltero,Femenino,Independiente,0
54,1969.74,Secundaria,Urbana,Bueno,Soltero,Masculino,Empleado,1
42,3452.05,Universitaria,Periferia,Bueno,Casado,Masculino,Empleado,1
48,4500.78,Primaria,Urbana,Regular,Soltero,Masculino,Empleado,1
64,1486.16,Secundaria,Urbana,Bueno,Soltero,Femenino,Independiente,1
25,2117.55,Universitaria,Rural,Regular,Casado,Masculino,Empleado,0
27,1106.63,Secundaria,Periferia,Malo,Casado,Femenino,Empleado,0
36,818.67,Postgrado,Urbana,Bueno,Soltero,Femenino,Independiente,0
22,1712.7,Universitaria,Urbana,Malo,Casado,Femenino,Independiente,0
41,2819.96,Secundaria,Urbana,Bueno,Casado,Masculino,Empleado,1
23,2559.4,Universitaria,Rural,Regular,Divorciado,Masculino,Independiente,1
41,1464.59,Universitaria,Urbana,Bueno,Soltero,Femenino,Empleado,1
62,1586.35,Universitaria,Periferia,Bueno,Soltero,Femenino,Independiente,1
55,1623.76,Universitaria,Rural,Malo,Soltero,Masculino,Desempleado,1
53,1877.35,Primaria,Rural,Regular,Soltero,Femenino,Independiente,1
62,1898.08,Postgrado,Periferia,Bueno,Casado,Femenino,Empleado,1
38,2133.15,Secundaria,Urbana,Bueno,Casado,Masculino,Desempleado,1
61,459.79,Secundaria,Urbana,Bueno,Divorciado,Femenino,Independiente,1
46,2454.95,Secundaria,Urbana,Bueno,Casado,Femenino,Desempleado,1
63,1460.79,Postgrado,Urbana,Bueno,Soltero,Femenino,Empleado,1
36,300.0,Secundaria,Rural,Bueno,Casado,Masculino,Desempleado,1
23,2733.29,Postgrado,Rural,Bueno,Soltero,Masculino,Desempleado,1
52,2126.15,Primaria,Urbana,Bueno,Casado,Femenino,Empleado,1
29,1097.71,Secundaria,Urbana,Bueno,Soltero,Masculino,Empleado,1
36,3130.78,Universitaria,Urbana,Malo,Soltero,Masculino,Empleado,1
21,2453.88,Postgrado,Urbana,Regular,Casado,Masculino,Independiente,1
59,3696.99,Universitaria,Urbana,Bueno,Casado,Femenino,Empleado,1
18,684.1,Secundaria,Urbana,Regular,Soltero,Femenino,Empleado,0
29,1268.28,Secundaria,Periferia,Bueno,Soltero,Femenino,Empleado,0
33,2652.35,Secundaria,Urbana,Malo,Casado,Femenino,Empleado,0
42,958.78,Universitaria,Urbana,Bueno,Soltero,Femenino,Empleado,0
20,2150.52,Universitaria,Rural,Bueno,Divorciado,Femenino,Empleado,1
46,2389.26,Primaria,Periferia,Bueno,Casado,Masculino,Empleado,1
24,1960.82,Secundaria,Urbana,Bueno,Soltero,Femenino,Empleado,0
34,2677.07,Secundaria,Urbana,Regular,Casado,Femenino,Empleado,1
44,2884.24,Secundaria,Urbana,Malo,Soltero,Masculino,Empleado,1
63,2589.47,Secundaria,Urbana,Regular,Soltero,Femenino,Empleado,1
62,1334.59,Universitaria,Periferia,Malo,Casado,Femenino,Empleado,0
59,2306.87,Universitaria,Periferia,Regular,Casado,Masculino,Empleado,1
36,2197.2,Universitaria,Urbana,Bueno,Soltero,Masculino,Independiente,1
26,2079.99,Secundaria,Urbana,Bueno,Casado,Femenino,Empleado,1
55,1552.8,Secundaria,Urbana,Malo,Soltero,Femenino,Empleado,0
36,640.15,Universitaria,Rural,Regular,Soltero,Masculino,Empleado,1
54,1441.28,Universitaria,Urbana,Malo,Casado,Masculino,Empleado,0
23,822.47,Secundaria,Urbana,Bueno,Casado,Femenino,Empleado,0
29,300.0,Secundaria,Periferia,Regular,Casado,Femenino,Empleado,0
26,300.0,Universitaria,Urbana,Malo,Casado,Masculino,Empleado,0
21,4114.26,Secundaria,Urbana,Bueno,Soltero,Masculino,Independiente,1
40,2222.5,Postgrado,Urbana,Bueno,Casado,Femenino,Empleado,1
27,1800.15,Universitaria,Urbana,Bueno,Soltero,Femenino,Empleado,1
40,798.3,Secundaria,Rural,Bueno,Casado,Femenino,Empleado,1
27,3399.38,Secundaria,Periferia,Bueno,Divorciado,Masculino,Independiente,0
44,2477.8,Secundaria,Urbana,Malo,Casado,Femenino,Independiente,1
39,1670.4,Universitaria,Rural,Bueno,Casado,Masculino,Independiente,1
31,1478.97,Primaria,Rural,Bueno,Soltero,Femenino,Independiente,0
30,1790.14,Primaria,Urbana,Bueno,Casado,Masculino,Empleado,1
27,1968.49,Secundaria,Rural,Bueno,Soltero,Femenino,Empleado,0
31,300.0,Universitaria,Urbana,Bueno,Soltero,Masculino,Empleado,1
18,3344.2,Universitaria,Periferia,Bueno,Divorciado,Masculino,Independiente,1
18,2036.59,Secundaria,Urbana,Regular,Divorciado,Masculino,Empleado,1
21,2707.69,Universitaria,Urbana,Bueno,Soltero,Femenino,Empleado,1
26,1665.58,Secundaria,Periferia,Bueno,Soltero,Masculino,Empleado,0
26,2840.52,Universitaria,Rural,Bueno,Casado,Femenino,Independiente,1
37,2293.33,Secundaria,Rural,Regular,Soltero,Masculino,Empleado,1
29,1765.61,Universitaria,Periferia,Bueno,Casado,Femenino,Empleado,0
47,3343.4,Secundaria,Urbana,Bueno,Casado,Femenino,Empleado,1
52,2018.08,Primaria,Rural,Bueno,Casado,Femenino,Independiente,1
47,2669.51,Secundaria,Urbana,Bueno,Casado,Femenino,Independiente,1
41,2139.1,Postgrado,Rural,Malo,Casado,Masculino,Empleado,1
39,2619.04,Universitaria,Urbana,Bueno,Casado,Femenino,Empleado,1
19,3303.53,Secundaria,Periferia,Bueno,Soltero,Masculino,Empleado,1
22,726.45,Secundaria,Rural,Bueno,Soltero,Masculino,Empleado,1
54,2566.22,Universitaria,Urbana,Malo,Casado,Masculino,Independiente,1
25,1399.09,Postgrado,Urbana,Bueno,Casado,Femenino,Empleado,1
52,2091.34,Secundaria,Rural,Bueno,Soltero,Femenino,Empleado,1
